mb_curves 1
travstate 3
1.00000012 -1.93715096e-07 0 1.93715096e-07 0.999999881 0 0 0 0.999999762
0.999954283 0.00199887156 -0.00936973188 -0.00200510025 0.999997675 -0.000657575089 0.00936839823 0.000676332507 0.999955654
0.999816537 0.00399148464 -0.0187401883 -0.00401645899 0.99999094 -0.00129631406 0.0187348444 0.00137134513 0.999823332
0.999457657 0.00699202716 -0.0321814343 -0.00706623495 0.999972463 -0.00219319714 0.0321652181 0.00241940911 0.999479413
0.998704314 0.0109870285 -0.0496902131 -0.011165157 0.999931991 -0.00330872368 0.0496504977 0.00385923684 0.998758912
0.997628331 0.014955923 -0.0671874657 -0.0152826756 0.999873638 -0.00435210066 0.0671138912 0.00536858151 0.997730672
0.995789289 0.0193569511 -0.0896067023 -0.0199112147 0.999787629 -0.00529598072 0.0894851685 0.00705786003 0.995962918
0.9934268 0.0237185508 -0.111986279 -0.024559468 0.999679387 -0.00613572169 0.111804858 0.00884571485 0.99369055
0.990437329 0.0275157839 -0.135192424 -0.0287031233 0.999564409 -0.00684118737 0.134945318 0.0106562134 0.990795493
0.986765921 0.0307475924 -0.159209669 -0.0323407948 0.999449134 -0.00742499717 0.15889369 0.0124756983 0.987216592
0.98250246 0.0339336693 -0.183132961 -0.0359908342 0.999320626 -0.00792020187 0.182739809 0.0143727222 0.983056068
0.977995098 0.035419032 -0.20559974 -0.0379574299 0.999243796 -0.00841403566 0.205146268 0.0160329174 0.978599727
0.972972214 0.0368659943 -0.227960959 -0.0399348289 0.999162853 -0.00886267051 0.227443427 0.0177267119 0.973629653
0.96805501 0.0378540009 -0.247864708 -0.0414285213 0.999098778 -0.00921957009 0.247292355 0.0191937182 0.968750536
0.963389814 0.0383962691 -0.265341312 -0.0424356014 0.999053776 -0.0095051676 0.264725327 0.0204171054 0.964107454
0.958409727 0.0389160514 -0.282730579 -0.0434474051 0.999007821 -0.00977244973 0.282069802 0.0216499288 0.959149361
0.955450296 0.0389962047 -0.292564958 -0.043756336 0.998994589 -0.00974138081 0.291890979 0.0221089795 0.956195772
0.952389956 0.0390717238 -0.30236873 -0.0440650284 0.998981416 -0.00970720872 0.301681489 0.0225689299 0.953141391
0.951022327 0.0391077846 -0.306638539 -0.0441660285 0.998978257 -0.00957171991 0.30595094 0.0226459298 0.951777637
0.95142132 0.0391078442 -0.305398345 -0.044060111 0.998985171 -0.00933712721 0.304723263 0.0223394185 0.952178657
0.951818883 0.0391075611 -0.304157227 -0.0439544767 0.998991966 -0.00910241157 0.303494692 0.0220329128 0.952578127
0.955464542 0.0388839543 -0.292533576 -0.0434235185 0.999015749 -0.00903811678 0.291894257 0.0213384442 0.956212282
0.958968461 0.0386520028 -0.280866086 -0.042893514 0.999039292 -0.0089674592 0.280249685 0.0206468441 0.959704876
0.963393688 0.038275376 -0.265344709 -0.0421447158 0.999071717 -0.00890194997 0.264757693 0.0197589565 0.964112222
0.968555212 0.0377441198 -0.245919481 -0.0411774218 0.999112725 -0.00883203931 0.245367959 0.0186806452 0.969249785
0.973325133 0.0371914506 -0.226395965 -0.0402118415 0.99915278 -0.00874245167 0.225879058 0.017613044 0.973995864
0.978650451 0.0365271866 -0.202260777 -0.0390527695 0.999200821 -0.00850894861 0.201788336 0.0162261277 0.979294479
0.983377993 0.0358286649 -0.17800042 -0.0378996134 0.999247432 -0.00824679434 0.177570984 0.0148558579 0.983995616
0.987610757 0.035142675 -0.152938917 -0.0367736369 0.999292672 -0.00784763135 0.152554989 0.0133745261 0.988204181
0.991294146 0.0344630778 -0.1270767 -0.035679847 0.999336362 -0.00731098372 0.126740426 0.011781414 0.991865695
0.994300902 0.0337421149 -0.101130553 -0.034600541 0.999378383 -0.00674592704 0.100840069 0.0102066519 0.994850099
0.996503174 0.0328537375 -0.0768268704 -0.0334070027 0.999424219 -0.00592686748 0.0765879154 0.00847269315 0.997026622
0.998111844 0.0319230407 -0.0524763949 -0.032233417 0.999467313 -0.00507872598 0.0522863157 0.00676062889 0.998609006
0.999058425 0.0308846086 -0.0304726642 -0.0310230255 0.999510229 -0.00407993561 0.0303317364 0.00502144825 0.999527037
0.999498963 0.0297431499 -0.0108286664 -0.0297764987 0.999552071 -0.00293311849 0.0107365791 0.00325408857 0.999936819
0.999553084 0.0285671651 0.00881691836 -0.0285526812 0.999590576 -0.00176198513 -0.00886364654 0.00150945061 0.99995935
0.999427676 0.0270486027 0.0203193855 -0.0270475745 0.999634027 -0.000325139146 -0.0203207452 -0.000224637071 0.999793291
0.999168217 0.0255100578 0.0318170562 -0.025558874 0.999672532 0.00112890988 -0.0317778438 -0.00194117893 0.999492824
0.998918712 0.0235873163 0.0400670655 -0.0237123668 0.999715149 0.00264895963 -0.0399931744 -0.00359618035 0.999193251
0.998757064 0.0212888122 0.0450707637 -0.0215010941 0.999759734 0.00423058402 -0.0449698754 -0.00519439625 0.998974621
0.998565435 0.0189822763 0.050069809 -0.0192977041 0.999796808 0.00582327042 -0.0499490947 -0.00678114779 0.998728514
0.998499036 0.0159170181 0.0524089262 -0.0163229555 0.999839783 0.00732671889 -0.0522839203 -0.00817118958 0.998598576
0.998417914 0.0128484666 0.0547431335 -0.0133517385 0.999871731 0.00883726031 -0.0546225682 -0.00955419336 0.998461127
0.998385549 0.00977908075 0.0559540913 -0.0103668571 0.999893844 0.0102238972 -0.0558481812 -0.0107874591 0.998380721
0.998405933 0.00671112537 0.056042701 -0.00736568868 0.999906778 0.0114819305 -0.055960428 -0.0118764192 0.998362124
0.998417079 0.00364302099 0.0561273396 -0.00436465442 0.999909163 0.0127402879 -0.0560758375 -0.0129650962 0.998342037
0.99851948 0.0010343194 0.0543878153 -0.00177614391 0.999905944 0.0135930479 -0.054368645 -0.0136695225 0.998427153
0.998612106 -0.0015732199 0.0526459441 0.000813901424 0.999895394 0.0144412499 -0.0526631586 -0.0143783567 0.998508573
0.998732924 -0.00356714427 0.0501990058 0.00281663239 0.999883175 0.0150137311 -0.0502467081 -0.0148533154 0.998626173
0.998880565 -0.00494790077 0.0470481291 0.00423173606 0.999873698 0.0153103359 -0.0471179523 -0.0150941005 0.998775065
0.999016106 -0.00632794201 0.0438962728 0.00564774871 0.999862194 0.0156026203 -0.0439889617 -0.0153393522 0.998914063
0.999190986 -0.00609762967 0.0397547893 0.00548526645 0.999864817 0.0154939555 -0.0398438908 -0.0152633516 0.999089122
0.999348521 -0.00586761534 0.0356125087 0.00532236695 0.99986738 0.0153859984 -0.0356980674 -0.015186429 0.999247015
0.999501109 -0.00502313673 0.031184623 0.00455346704 0.999875307 0.0151143987 -0.0312566608 -0.0149648599 0.999399126
0.999643385 -0.00356543064 0.0264705271 0.00317749381 0.99988699 0.0146832876 -0.026519889 -0.0145939393 0.999541521
0.999761224 -0.00210943818 0.0217551682 0.00179947913 0.999896526 0.0142587898 -0.0217830017 -0.0142162349 0.999661386
0.999857426 -0.00011318922 0.0168893524 -0.000117436051 0.99990654 0.0136545384 -0.0168893225 -0.0136545729 0.999763846
0.99992609 0.00188036263 0.012021767 -0.00203730166 0.9999125 0.0130597632 -0.0119961603 -0.0130832884 0.999842227
0.999966204 0.00383646786 0.0072872052 -0.00392664969 0.999915242 0.012402907 -0.00723900599 -0.0124311009 0.999896288
0.999979973 0.00575488806 0.00268551358 -0.00578588247 0.999914885 0.0116834929 -0.00261804834 -0.0116987964 0.999927878
0.999968827 0.00766982138 -0.00191742077 -0.00764831901 0.999910474 0.0109727681 0.00200140849 -0.0109577598 0.999937773
0.999943078 0.00889953971 -0.00590484682 -0.00883933902 0.999909282 0.0101452461 0.00599459931 -0.0100924717 0.999930859
0.999899924 0.010125801 -0.00989318267 -0.0100336075 0.999906063 0.00932255387 0.00998665299 -0.00922235474 0.999907374
0.999853313 0.0109307021 -0.0131911375 -0.0108198822 0.999905705 0.00844375324 0.0132821901 -0.0082997866 0.999877095
0.999811292 0.011314854 -0.015798403 -0.0111973584 0.999908924 0.00750600547 0.015881896 -0.00732768793 0.999846756
0.999762297 0.0116964579 -0.0184059534 -0.0115772486 0.999911308 0.00656933431 0.0184811596 -0.00635468028 0.999808788
0.999746382 0.011313796 -0.0194799341 -0.0112080276 0.999921739 0.00552918669 0.0195409693 -0.00530945184 0.999794722
0.999729097 0.0109300613 -0.0205534715 -0.0108399838 0.999930978 0.00448877132 0.0206011217 -0.00426475611 0.99977845
0.999727666 0.0103157163 -0.0209372099 -0.010246411 0.999941468 0.00341476407 0.0209712144 -0.00319930306 0.999774694
0.999742448 0.00947196782 -0.0206309948 -0.00942631066 0.999952793 0.00230783783 0.0206518844 -0.00211276836 0.999784231
0.999756277 0.00862851739 -0.020323677 -0.00860588253 0.999962151 0.00120120519 0.0203332752 -0.00102600933 0.999792457
0.999791801 0.00740019977 -0.0190212224 -0.00740021467 0.999972463 7.06163701e-05 0.0190212224 7.01588506e-05 0.999818802
0.999824166 0.00617344677 -0.0177172907 -0.00619314611 0.999980152 -0.0010583793 0.0177104063 0.00116791867 0.999842286
0.999859989 0.00483076274 -0.0160304438 -0.00486627221 0.999985695 -0.00217677397 0.0160197038 0.0022544777 0.99986887
0.999897003 0.00337293744 -0.0139602395 -0.00341905653 0.999988616 -0.0032834895 0.0139490087 0.00333088194 0.999896884
0.99992764 0.00191734731 -0.0118883271 -0.00196962059 0.999988317 -0.00438715005 0.0118797775 0.00441024778 0.999919474
0.999964893 0.000764518976 -0.00836104434 -0.000808387995 0.999985874 -0.00524432212 0.00835691672 0.00525089633 0.999951065
0.999988377 -0.000385209918 -0.00483263563 0.000355750322 0.999981225 -0.00609748811 0.00483489409 0.00609569717 0.999969482
0.999998868 -0.00130493939 -0.000920524588 0.00129874051 0.999976635 -0.00670393929 0.00092925108 0.00670273555 0.999976873
0.99999243 -0.00199559331 0.00337461894 0.00201942027 0.999972939 -0.00706453575 -0.00336042978 0.00707129668 0.999969125
0.999967039 -0.002684623 0.00767004304 0.00274157524 0.999968588 -0.00742198387 -0.00764987804 0.0074427682 0.99994278
0.999935269 -0.00306819379 0.0109679392 0.00314959884 0.999967456 -0.00741333049 -0.0109448386 0.00744739408 0.999912143
0.999892354 -0.00345166028 0.0142657645 0.00355756283 0.999966085 -0.00740346033 -0.0142397285 0.00745341275 0.999870539
0.99986428 -0.00368179381 0.0160680935 0.00379887223 0.999966264 -0.0072605405 -0.0160408244 0.00732059451 0.999844313
0.999858975 -0.00375840068 0.0163749065 0.00387321413 0.999967992 -0.00698537938 -0.0163481291 0.00704781804 0.999841273
0.999853611 -0.00383529067 0.0166815966 0.00394767523 0.999969661 -0.00671027787 -0.0166553557 0.00677514821 0.999838114
0.999882102 -0.00368249416 0.0149176717 0.00377616286 0.999973118 -0.00625342876 -0.0148942452 0.00630902126 0.999868929
0.999907374 -0.00352881849 0.0131537206 0.00360530615 0.999976575 -0.00579635613 -0.0131329615 0.00584324123 0.999896407
0.999928474 -0.00329883397 0.0115048066 0.00335980952 0.99998033 -0.00528510613 -0.0114871478 0.00532338163 0.999919653
0.999945939 -0.00299221277 0.00997069199 0.00303937495 0.999984086 -0.00471927924 -0.00995641481 0.0047493293 0.999938965
0.999960899 -0.00268469751 0.00843700115 0.00271981955 0.999987543 -0.00415301323 -0.00842574704 0.0041757971 0.999955535
0.999972522 -0.00230182707 0.00705622276 0.00232702494 0.999990761 -0.00356255472 -0.00704795914 0.00357887661 0.999968529
0.999982238 -0.00191806257 0.00567561295 0.00193494558 0.999993622 -0.0029716203 -0.00566987693 0.0029825489 0.999979258
0.999988973 -0.00157277286 0.00444855634 0.0015835166 0.999995708 -0.00241025677 -0.00444474677 0.00241727452 0.999987006
0.999993563 -0.00126612186 0.00337468321 0.00127249956 0.999997258 -0.00187882246 -0.00337229576 0.00188310468 0.999992311
0.999997079 -0.000958994031 0.0023010103 0.000962108374 0.99999851 -0.00134711782 -0.0022997153 0.00134932762 0.999996245
0.999998569 -0.000652328134 0.00161069364 0.000653892756 0.999999225 -0.000961797195 -0.00161006523 0.000962848833 0.999998033
0.999999583 -0.000345468521 0.000920365972 0.000346019864 0.999999642 -0.000576280174 -0.000920166727 0.000576598395 0.999999166
1.00000012 -0.000153586268 0.000460220908 0.000153750181 0.999999821 -0.000306707574 -0.000460173789 0.000306778296 0.999999642
1.00000012 -7.69197941e-05 0.000230113626 7.69793987e-05 0.99999994 -0.000153463887 -0.00023010181 0.000153481596 0.999999762
1.00000012 -1.93715096e-07 0 1.93715096e-07 0.999999881 0 0 0 0.999999762
travstate 4
0.999998569 0.00095847249 0.00134224351 -0.000939369202 0.999898612 -0.0141904904 -0.00135570893 0.0141892107 0.999898195
0.999996424 0.00218614936 -0.00148011418 -0.0022071898 0.999894142 -0.0143663473 0.00144855201 0.0143695632 0.999895453
0.99998486 0.0034134686 -0.00430265767 -0.00347581506 0.999888062 -0.0145385861 0.00425254926 0.0145533215 0.999884784
0.99996388 0.00464004278 -0.0071254163 -0.00474449992 0.999880433 -0.0147073949 0.00705632241 0.0147406701 0.999866188
0.999902606 0.00704783201 -0.012041647 -0.00722292066 0.999867797 -0.0145578934 0.0119374534 0.0146434521 0.999821305
0.999804795 0.00962471962 -0.0172563419 -0.00987282395 0.999848008 -0.0143503575 0.017115606 0.0145179257 0.999747872
0.999673009 0.0122021437 -0.0224699825 -0.012521565 0.999821544 -0.0141290538 0.0222935751 0.0144057926 0.999647439
0.999540329 0.014406532 -0.0266733579 -0.014755249 0.999807358 -0.0129266046 0.0264819972 0.013314235 0.999560356
0.999397516 0.0164908767 -0.0305369403 -0.0168454647 0.999792993 -0.0113927191 0.0303427503 0.0119002648 0.999468446
0.999235511 0.0185805261 -0.0343969166 -0.0189294815 0.999772191 -0.00985083543 0.0342060514 0.0104944212 0.999359488
0.999150038 0.0195943117 -0.0362655744 -0.0198826194 0.999773264 -0.00760575291 0.0361083299 0.00832034647 0.999312997
0.99911809 0.0199615657 -0.0369402096 -0.0201576352 0.99978447 -0.00494193844 0.0368336067 0.0056822109 0.999305069
0.999085546 0.0203307867 -0.0376136564 -0.0204308629 0.999788463 -0.00227783993 0.0375593975 0.00304423785 0.999289513
0.99913305 0.0200612545 -0.036477346 -0.0200592875 0.999798536 0.000419490039 0.0364784189 0.000312583492 0.999334157
0.999254107 0.0191456079 -0.0335334651 -0.0190505087 0.999813378 0.00315214973 0.0335875638 -0.00251097209 0.999432385
0.999365866 0.0182216763 -0.0305918865 -0.0180497766 0.999819636 0.00588791911 0.0306936614 -0.00533201313 0.999514401
0.999501407 0.0169569254 -0.0266366471 -0.0167374313 0.999824047 0.00844144821 0.0267751068 -0.00799141079 0.999609232
0.99966526 0.0151254535 -0.0209914353 -0.0149033964 0.999831557 0.0106943212 0.0211496614 -0.0103778997 0.999722183
0.999793887 0.0132804811 -0.0153494403 -0.013082087 0.999830246 0.0129574761 0.0155189196 -0.0127540044 0.999798
0.999898672 0.0114482939 -0.00846635643 -0.0113208294 0.999823868 0.014959706 0.00863613002 -0.0148623446 0.999852002
0.999950886 0.00968012214 0.00215041963 -0.00971361995 0.999822021 0.0161631797 -0.0019935749 -0.016183272 0.999866784
0.999887347 0.00789800286 0.0127649494 -0.00811931491 0.999815702 0.0173838828 -0.0126253022 -0.0174855664 0.999767184
0.999705553 0.00618243217 0.0234663598 -0.00661724806 0.999806762 0.0184998494 -0.0233474597 -0.0186496843 0.999553204
0.999381661 0.00501978397 0.0348002762 -0.00567579269 0.999807358 0.0187776648 -0.0346993171 -0.0189635772 0.999217629
0.99892807 0.00385347009 0.0461296849 -0.00473740697 0.999806821 0.0190662406 -0.0460473113 -0.0192643367 0.99875325
0.998344541 0.00268420577 0.0574522503 -0.00380256772 0.999805093 0.0193653274 -0.0573890805 -0.019551741 0.998160183
0.997898102 0.00206646323 0.0647690147 -0.00329458714 0.999816537 0.0188601743 -0.0647181645 -0.0190339163 0.997721791
0.997397542 0.0014527142 0.0720826685 -0.00278311968 0.999827385 0.0183588546 -0.0720435753 -0.0185116921 0.997229457
0.99684298 0.000842601061 0.0793926045 -0.00226771832 0.999837756 0.0178613085 -0.0793646872 -0.0179849602 0.99668318
0.996399701 0.000546395779 0.0847787708 -0.00198253989 0.999855816 0.0168553703 -0.0847573578 -0.0169627536 0.996257007
0.995951772 0.000299751759 0.0898883939 -0.00172498822 0.999873757 0.0157778114 -0.0898723528 -0.0158689898 0.995826602
0.995477617 5.8978796e-05 0.094996132 -0.00146231055 0.999890625 0.0147015229 -0.094984889 -0.0147739481 0.995368838
0.9950068 -6.22868538e-06 0.0998064056 -0.00133791566 0.999909163 0.0133996047 -0.0997974426 -0.0134662297 0.994916379
0.994523227 -8.28504562e-06 0.10451594 -0.00125515461 0.999926805 0.0120226294 -0.1045084 -0.0120879617 0.994450331
0.994017243 -3.63588333e-06 0.109223232 -0.00116601586 0.999942422 0.0106457844 -0.109216996 -0.0107094599 0.993960023
0.993524551 7.16149807e-05 0.113617383 -0.00113132596 0.99995625 0.00926202908 -0.113611773 -0.00933058839 0.993481159
0.993034601 0.00019210577 0.117822982 -0.00112757087 0.999968171 0.00787374377 -0.117817745 -0.00795176532 0.99300313
0.992526829 0.000318050385 0.122026131 -0.0011177361 0.999978185 0.00648537278 -0.122021429 -0.0065733036 0.992505491
0.992109299 0.000411957502 0.125375047 -0.0010753274 0.999985635 0.00522274524 -0.125371113 -0.00531635387 0.992095411
0.991790712 0.000471711159 0.127870604 -0.00100243092 0.99999088 0.0040858537 -0.127867535 -0.0041804905 0.991782188
0.991465926 0.000534296036 0.130365312 -0.00092664361 0.999995053 0.00294913352 -0.130363122 -0.0030447687 0.991461337
0.991204977 0.000505417585 0.132334545 -0.000773817301 0.999997556 0.00197674334 -0.132333249 -0.00206177658 0.991202891
0.99105829 0.00032094121 0.13342914 -0.000495970249 0.999998927 0.00127833337 -0.133428618 -0.00133308757 0.991057336
0.990910411 0.000136971474 0.13452372 -0.000217020512 0.999999523 0.000580370426 -0.13452363 -0.000604294182 0.990909934
0.99079442 -4.64916229e-05 0.135375082 4.75645065e-05 0.999999762 -4.74601984e-06 -0.135375097 1.11386171e-05 0.990794182
0.990777731 -0.000230520964 0.135496616 0.000267028809 0.999999762 -0.000251457095 -0.135496572 0.000285319955 0.990777493
0.990761101 -0.000414520502 0.135618135 0.00048661232 0.999999642 -0.000498250127 -0.135617897 0.000559627952 0.990760863
0.990757942 -0.000575631857 0.135641009 0.000677525997 0.999999404 -0.000705063343 -0.135640532 0.00079043943 0.990757585
0.990849197 -0.000575572252 0.134972304 0.000667005777 0.999999404 -0.000632949173 -0.134971887 0.000717185379 0.990848899
0.990940094 -0.000575661659 0.134303391 0.000657021999 0.999999464 -0.000560812652 -0.134303033 0.000643968524 0.990939856
0.991030514 -0.000575661659 0.133634493 0.00064677 0.999999464 -0.000488683581 -0.133634165 0.000570729317 0.991030335
0.991185784 -0.000453084707 0.132479027 0.000508606434 0.999999642 -0.000385373831 -0.132478818 0.000449366809 0.991185427
0.991339505 -0.000330209732 0.131323427 0.000370413065 0.999999762 -0.000281833112 -0.131323308 0.000328049035 0.991339266
0.991491973 -0.000207394361 0.130167544 0.000232547522 0.999999762 -0.000178180635 -0.130167499 0.000206939847 0.991491735
0.991650105 -0.000138521194 0.128958315 0.000155180693 0.999999821 -0.000119052827 -0.128958285 0.000138066694 0.991649806
0.99180758 -7.72476196e-05 0.127741307 8.63075256e-05 0.999999881 -6.61611557e-05 -0.127741292 7.66515659e-05 0.991807282
0.991963565 -1.57356262e-05 0.126524061 1.76429749e-05 0.999999821 -1.32545829e-05 -0.126524046 1.5370546e-05 0.991963267
0.992106557 -2.98023224e-07 0.125397846 2.38418579e-07 0.999999881 4.47034836e-08 -0.125397846 -1.49011594e-08 0.992106259
0.992244363 -4.47034836e-07 0.124302007 4.17232513e-07 0.999999762 1.49011612e-08 -0.124302 4.09781897e-08 0.992244184
0.992381096 -2.98023224e-07 0.12320596 2.98023224e-07 0.999999762 -1.86264515e-08 -0.12320596 5.58793474e-08 0.992380857
0.992530584 -3.57627869e-07 0.121995553 3.27825546e-07 0.999999762 -1.86264515e-08 -0.121995546 5.96046377e-08 0.992530406
0.992686987 -2.68220901e-07 0.120716564 2.98023224e-07 0.999999762 6.70552254e-08 -0.120716557 -1.86264497e-08 0.992686808
0.992841721 -4.17232513e-07 0.119437255 3.57627869e-07 0.999999821 4.84287739e-08 -0.119437248 -3.72528985e-09 0.992841542
0.993045449 -2.98023224e-07 0.117731377 2.98023224e-07 0.999999762 -1.49011612e-08 -0.117731377 5.58793474e-08 0.993045211
0.993296027 -3.87430191e-07 0.115598381 3.27825546e-07 0.999999762 -8.19563866e-08 -0.115598381 1.26659856e-07 0.993295789
0.993541956 -3.27825546e-07 0.113464892 3.27825546e-07 0.999999762 -7.07805157e-08 -0.113464892 1.08033404e-07 0.993541718
0.993806481 -3.27825546e-07 0.111125022 2.98023224e-07 0.999999762 -3.7252903e-08 -0.111125022 7.45057989e-08 0.993806183
0.994102836 -2.68220901e-07 0.108441412 3.27825546e-07 0.999999762 -2.23517418e-08 -0.108441405 5.58793474e-08 0.994102538
0.994391978 -2.68220901e-07 0.105757147 2.38418579e-07 0.999999762 -1.11758709e-08 -0.105757132 3.72528994e-08 0.994391739
0.994686484 -2.98023224e-07 0.102949984 3.27825546e-07 0.999999762 1.11758709e-08 -0.102949977 1.86264497e-08 0.994686306
0.995009899 -2.98023224e-07 0.0997756198 2.98023224e-07 0.999999881 -3.7252903e-08 -0.0997756124 6.70552183e-08 0.99500972
0.995323241 -3.27825546e-07 0.0966002345 3.27825546e-07 0.999999762 -4.47034836e-08 -0.0966002196 7.82310892e-08 0.995323062
0.995628595 -3.27825546e-07 0.0934009701 3.87430191e-07 0.999999762 7.4505806e-09 -0.0934009701 2.60770285e-08 0.995628297
0.995938122 -2.68220901e-07 0.0900403708 2.98023224e-07 0.999999762 -7.4505806e-09 -0.0900403783 2.98023188e-08 0.995937884
0.996236324 -2.98023224e-07 0.0866786987 2.98023224e-07 0.999999762 -4.47034836e-08 -0.0866786912 7.45057989e-08 0.996236086
0.996523142 -2.98023224e-07 0.0833161175 3.57627869e-07 0.999999881 2.98023224e-08 -0.0833161101 0 0.996522963
0.996803582 -2.68220901e-07 0.0798913464 2.98023224e-07 0.999999762 -3.7252903e-08 -0.0798913464 5.96046377e-08 0.996803343
0.99707222 -2.38418579e-07 0.0764656663 1.78813934e-07 0.999999881 -2.23517418e-08 -0.0764656737 4.09781897e-08 0.997071981
0.997329056 -2.98023224e-07 0.0730390549 3.57627869e-07 0.999999881 -7.4505806e-08 -0.0730390623 9.68575335e-08 0.997328877
0.997699618 -3.27825546e-07 0.0677904487 2.38418579e-07 0.999999762 -1.49011612e-08 -0.0677904561 3.35276091e-08 0.99769932
0.998058677 -2.68220901e-07 0.0622795559 3.57627869e-07 0.999999762 -6.33299351e-08 -0.0622795522 8.56816698e-08 0.998058498
0.998387456 -2.38418579e-07 0.0567669421 2.68220901e-07 0.999999881 -8.94069672e-08 -0.0567669421 9.68575335e-08 0.998387277
0.998690367 -3.87430191e-07 0.0511606187 4.17232513e-07 0.999999762 -2.98023224e-08 -0.0511606149 4.65661216e-08 0.998690188
0.998963296 -2.68220901e-07 0.0455219857 2.68220901e-07 0.999999762 -6.51925802e-08 -0.0455219895 7.82310892e-08 0.998963118
0.999204397 -2.68220901e-07 0.0398818776 2.68220901e-07 0.999999762 -5.58793545e-08 -0.0398818813 6.3329928e-08 0.999204218
0.999359965 -3.27825546e-07 0.0357735455 2.68220901e-07 0.999999762 -5.58793545e-08 -0.0357735492 6.89178634e-08 0.999359727
0.999468923 -2.68220901e-07 0.0325847045 2.38418579e-07 0.999999762 -2.04890966e-08 -0.0325847082 2.79396737e-08 0.999468744
0.999567866 -2.38418579e-07 0.0293954462 2.38418579e-07 0.999999881 3.63215804e-08 -0.0293954425 -3.1664964e-08 0.999567688
0.999646068 -2.68220901e-07 0.0266045816 2.38418579e-07 0.999999762 -2.79396772e-09 -0.0266045816 7.45057971e-09 0.999645829
0.999706864 -1.78813934e-07 0.0242122617 1.78813934e-07 0.999999821 -4.3772161e-08 -0.0242122579 4.74974442e-08 0.999706566
0.999761939 -3.57627869e-07 0.0218197722 3.27825546e-07 0.999999821 -5.58793545e-08 -0.0218197722 6.23986054e-08 0.999761701
0.999810338 -2.68220901e-07 0.0194732547 2.68220901e-07 0.999999762 1.39698386e-08 -0.0194732547 -9.31322486e-09 0.9998101
0.999852002 -2.68220901e-07 0.0172031894 2.68220901e-07 0.999999762 -5.58793545e-09 -0.0172031913 1.02445474e-08 0.999851763
0.99988848 -3.27825546e-07 0.0149330813 2.98023224e-07 0.999999762 -2.37487257e-08 -0.0149330813 2.88709963e-08 0.999888241
0.999920964 -2.68220901e-07 0.012570926 2.68220901e-07 0.999999762 -2.32830644e-09 -0.0125709251 6.05359585e-09 0.999920785
0.999950588 -3.27825546e-07 0.00993262883 2.68220901e-07 0.999999762 -7.40401447e-08 -0.00993262883 7.72997666e-08 0.999950409
0.999973357 -2.98023224e-07 0.00729417987 2.68220901e-07 0.999999881 -4.65661287e-10 -0.00729417894 2.32830621e-09 0.999973178
0.999988437 -3.27825546e-07 0.00478602061 2.68220901e-07 0.999999762 -9.19681042e-08 -0.00478602061 9.33650739e-08 0.999988258
0.999994874 -2.98023224e-07 0.0031907768 2.68220901e-07 0.999999881 3.21306288e-08 -0.00319077657 -3.1315718e-08 0.999994695
0.999998689 -2.98023224e-07 0.00159539096 2.98023224e-07 0.999999762 1.75787136e-08 -0.00159539084 -1.72876735e-08 0.99999845
1 -3.27825546e-07 0 3.27825546e-07 0.999999762 0 0 0 0.999999762
travstate 5
0.99999994 0 0 0 0.99999994 0 0 0 0.999999881
0.999998629 0.000264457427 0.00159411982 -0.000264385715 0.999999881 -4.52755703e-05 -0.0015941317 4.48540486e-05 0.999998629
0.999994755 0.000529027544 0.00318821752 -0.000528740697 0.999999821 -9.09259761e-05 -0.00318826525 8.92397584e-05 0.999994814
0.999988198 0.000793705694 0.00478238147 -0.000793059357 0.999999642 -0.000137045965 -0.00478248904 0.00013325164 0.999988437
0.999979079 0.00105839688 0.00637642154 -0.00105724763 0.999999404 -0.000183538883 -0.00637661153 0.000176793576 0.999979556
0.999958336 0.00152405258 0.00899126846 -0.001521728 0.999998808 -0.00026523546 -0.00899166148 0.000251542137 0.999959409
0.999923944 0.00209712889 0.0121505372 -0.00209282432 0.999997675 -0.000367008965 -0.0121512795 0.000341552135 0.999926031
0.999879122 0.00267043803 0.0153095974 -0.00266354438 0.999996245 -0.000470610801 -0.0153107988 0.000429776119 0.999882519
0.999824047 0.00324405823 0.0184684172 -0.00323397201 0.999994576 -0.000576040184 -0.0184701886 0.000516212604 0.999829113
0.99975127 0.0038181711 0.0219707824 -0.00380546134 0.99999249 -0.00062023499 -0.0219729897 0.000536471838 0.999758303
0.999645472 0.00439220341 0.0262586381 -0.00437998399 0.999990284 -0.000522815913 -0.0262606759 0.00040761815 0.999654949
0.999521017 0.00496576307 0.030546166 -0.00495501095 0.999987543 -0.000427738909 -0.0305479132 0.000276177481 0.999533176
0.999377728 0.00553873181 0.0348330997 -0.00553041184 0.999984562 -0.000335194665 -0.0348344259 0.000142344754 0.999392927
0.999215782 0.00611116411 0.0391194709 -0.00610625232 0.999981284 -0.000245009898 -0.0391202383 5.94439871e-06 0.999234378
0.999006867 0.00656460505 0.0440681688 -0.0065933913 0.999978006 0.000507860153 -0.0440638736 -0.000797914458 0.999028265
0.998771846 0.0070086862 0.0490463078 -0.0070803985 0.999974012 0.0012885324 -0.0490360111 -0.00163421722 0.998795509
0.998511851 0.0074484949 0.0540236458 -0.0075711892 0.999969125 0.00206680922 -0.0540065877 -0.00247275666 0.998537421
0.998226762 0.0078841811 0.0589998625 -0.00806590915 0.999963343 0.00284262002 -0.0589752942 -0.00331346714 0.998253822
0.997906923 0.00829953887 0.0641316772 -0.00854515284 0.999957025 0.00355648436 -0.0640994087 -0.00409705564 0.997934937
0.997553527 0.00870063808 0.0693627968 -0.00901563652 0.99995029 0.00422953395 -0.0693225637 -0.00484453654 0.997582436
0.997172475 0.00909776706 0.0745924041 -0.00948958751 0.999942958 0.00490010018 -0.074543573 -0.00559409708 0.997201979
0.996764123 0.00949106645 0.0798201635 -0.00996715855 0.999934673 0.00556820072 -0.0797621012 -0.00634576287 0.996793568
0.996332109 0.00984831713 0.0850000158 -0.0104001295 0.999927521 0.0060515264 -0.0849342644 -0.00691334251 0.996362448
0.995886028 0.0101132514 0.0900480449 -0.0106983259 0.999924541 0.00601702277 -0.089980416 -0.00695563247 0.995919108
0.995414197 0.010377855 0.0950938016 -0.0109962132 0.99992162 0.00598089397 -0.0950242803 -0.00699913781 0.995450258
0.994916677 0.0106424671 0.100136936 -0.0112941451 0.99991852 0.00594319589 -0.100065529 -0.00704394607 0.994955778
0.994393587 0.0109066721 0.105177529 -0.0115917167 0.999915302 0.00590414181 -0.105104238 -0.00709022954 0.994435787
0.993907094 0.0110893911 0.109661169 -0.0117825055 0.999914408 0.00567450281 -0.109588861 -0.00693201227 0.993952692
0.993406475 0.0112652909 0.114089735 -0.0119622378 0.999913752 0.00542600313 -0.114018768 -0.00675499532 0.993455529
0.992886186 0.0114418445 0.118516058 -0.0121407425 0.999912798 0.0051767542 -0.118446507 -0.00657880073 0.992938519
0.992345989 0.0116193416 0.122939959 -0.0123182815 0.999911904 0.0049266424 -0.122871906 -0.00640334375 0.992401779
0.991860509 0.0118707856 0.126774698 -0.0125705423 0.999909759 0.00472103618 -0.126707241 -0.00627623685 0.991920173
0.99141854 0.012179113 0.130156755 -0.0128806587 0.9999066 0.00454948097 -0.130089208 -0.00618694536 0.991482854
0.990965068 0.0124877766 0.133537039 -0.013190195 0.999903381 0.00437671691 -0.133469507 -0.00609855354 0.991034091
0.990500033 0.0127968257 0.136915922 -0.0134992367 0.999900043 0.0042029079 -0.136848435 -0.00601124158 0.990573704
0.99006778 0.0131542571 0.139973864 -0.0138699552 0.999895155 0.00413876725 -0.139904737 -0.00603909092 0.990146458
0.989788711 0.0136846751 0.141882673 -0.0144652883 0.999885261 0.00447183661 -0.141805217 -0.00647854758 0.98987323
0.989506006 0.0142141934 0.14379096 -0.0150612099 0.999874949 0.00480377488 -0.143704712 -0.00691902963 0.989596307
0.989219069 0.0147429928 0.145698994 -0.0156578943 0.999864101 0.00513453828 -0.145603523 -0.00736052264 0.98931551
0.988928139 0.015270805 0.147606656 -0.0162550677 0.999852896 0.0054640742 -0.147501513 -0.00780293299 0.989030957
0.988877177 0.0157998353 0.14789249 -0.0168223903 0.999842405 0.00566581357 -0.147779658 -0.00809069816 0.988987088
0.988862157 0.0163290054 0.147935092 -0.0173850916 0.999831676 0.00584852882 -0.147814706 -0.00835525524 0.988979638
0.988846958 0.0168581437 0.147977903 -0.0179477818 0.99982065 0.00603120262 -0.147849679 -0.00861981139 0.988972127
0.988831341 0.0173873585 0.148020685 -0.018510554 0.999809265 0.00621381914 -0.147884429 -0.00888436474 0.988964677
0.988970041 0.0176181663 0.14706327 -0.0187209696 0.999805987 0.00611801958 -0.146926939 -0.00880370568 0.989108026
0.989247859 0.0175749548 0.145188257 -0.0186089855 0.999810159 0.00576689886 -0.145059332 -0.00840669777 0.989387095
0.989522159 0.0175309721 0.143312901 -0.0184976682 0.999814153 0.00541567802 -0.143191323 -0.00800988637 0.989662468
0.989792705 0.0174861513 0.141436875 -0.0183869116 0.999818027 0.00506419968 -0.141322598 -0.00761309685 0.989934146
0.99009347 0.0174110383 0.139325574 -0.0182400066 0.999822676 0.0046751271 -0.139219463 -0.00717011234 0.990235507
0.990546286 0.0171938837 0.136096537 -0.0179194547 0.999830902 0.00410790369 -0.136002898 -0.0065078456 0.990686953
0.990988493 0.0169744529 0.132866427 -0.0176006071 0.99983871 0.00353954174 -0.132784948 -0.00584617583 0.991127491
0.99142015 0.0167528689 0.129634902 -0.0172835812 0.999846101 0.00296987686 -0.129565224 -0.00518495124 0.99155724
0.991841257 0.0165291019 0.126402348 -0.0169683807 0.999853015 0.00239919731 -0.126344129 -0.00452446658 0.991975963
0.992347777 0.0165302642 0.122361831 -0.0168832224 0.999855638 0.00184820255 -0.122313641 -0.00389992236 0.992483735
0.992857456 0.0165765472 0.1181494 -0.016848281 0.999857187 0.00130141212 -0.118110955 -0.0032827307 0.992994845
0.993349135 0.0166202262 0.113934748 -0.0168156587 0.99985826 0.000754400971 -0.113906063 -0.00266527175 0.993487835
0.993823111 0.016661372 0.109718166 -0.0167854577 0.999859095 0.000207375153 -0.109699242 -0.0020477639 0.993962646
0.994303286 0.01706375 0.105213135 -0.0171243325 0.999853194 -0.000327603891 -0.105203293 -0.001475967 0.994449496
0.994787455 0.017860584 0.100393139 -0.0178658515 0.999839962 -0.000846674084 -0.1003922 -0.000951348047 0.994947314
0.9952479 0.0186547767 0.0955701172 -0.0186097957 0.999825835 -0.00136204658 -0.095578894 -0.000422966405 0.995421648
0.995684206 0.0194464792 0.0907445848 -0.0193562992 0.999810815 -0.001873806 -0.0907638595 0.00010923994 0.995872319
0.996099412 0.020225253 0.0858882144 -0.0200971961 0.999795198 -0.00235546473 -0.0859182626 0.000620164617 0.996301889
0.996507108 0.0209335536 0.0808400437 -0.0207867622 0.999780297 -0.00265708845 -0.080877915 0.000967405038 0.996723413
0.996888936 0.0216400474 0.0757895112 -0.0214778092 0.999764919 -0.00295511773 -0.0758356526 0.00131813169 0.997119367
0.997244537 0.0223446004 0.0707369223 -0.0221701935 0.999748766 -0.00324980612 -0.0707917809 0.00167260051 0.997489572
0.997574389 0.023047518 0.0656822994 -0.0228642412 0.999732256 -0.00354086841 -0.0657463297 0.00203050347 0.997834206
0.997883141 0.0232003815 0.060752932 -0.0230271816 0.999728441 -0.0035496233 -0.0608187951 0.00214314065 0.998146415
0.998169124 0.0232005436 0.0558572747 -0.0230420027 0.999728322 -0.00348076085 -0.0559228659 0.00218732446 0.998432577
0.998431087 0.0232005361 0.0509603657 -0.0230565462 0.999728203 -0.00341164856 -0.0510256775 0.00223132619 0.998694718
0.998669088 0.0232003853 0.0460622311 -0.0230708122 0.999728143 -0.00334265456 -0.0461272635 0.00227551279 0.998932838
0.99887675 0.0230466668 0.0413986072 -0.0229322985 0.9997316 -0.00323554757 -0.041462075 0.00228254846 0.999137342
0.999055982 0.0226935875 0.0370403975 -0.0225949194 0.999739945 -0.00308026723 -0.0371006653 0.00224043475 0.999308884
0.99921602 0.0223407783 0.0326814316 -0.0222569574 0.999747932 -0.00292637432 -0.0327385738 0.002196691 0.999461412
0.999356925 0.0219881684 0.0283218902 -0.0219183303 0.9997558 -0.00277396385 -0.0283759721 0.00215141149 0.999594927
0.999477386 0.0216050595 0.024041947 -0.0215482153 0.999764264 -0.00262105512 -0.0240929108 0.00210162438 0.999707341
0.999569178 0.0208990946 0.0206048023 -0.0208530277 0.999779463 -0.00244798255 -0.0206514206 0.00201725517 0.999784589
0.999648631 0.0201933235 0.0171670653 -0.0201571546 0.999794185 -0.00227735308 -0.0172095224 0.00193051388 0.999849916
0.999715745 0.0194879621 0.0137292631 -0.0194608048 0.999808311 -0.00210909569 -0.0137677351 0.00184131367 0.999903381
0.999770582 0.0187828559 0.0102910474 -0.0187638178 0.999822021 -0.00194329058 -0.0103257168 0.00174974545 0.999945045
0.999829233 0.0166422911 0.00802705996 -0.0166304465 0.999860525 -0.00153986469 -0.00805156771 0.00140610803 0.999966502
0.999882936 0.0139955832 0.00617620349 -0.0139893191 0.999901474 -0.00105628942 -0.00619037915 0.000969765009 0.999980211
0.99992615 0.0113496808 0.00432426389 -0.0113472855 0.999935448 -0.000577574188 -0.00433053961 0.00052846293 0.999990344
0.999958992 0.0087044416 0.00247096387 -0.00870421249 0.999962032 -0.000103808437 -0.00247177412 8.22963921e-05 0.999996841
0.999977827 0.00654235948 0.0011873222 -0.00654276554 0.999978483 0.000338830345 -0.00118507992 -0.000346591201 0.999999106
0.99998647 0.0051308861 0.000791215338 -0.00513147144 0.99998647 0.000738718431 -0.000787414436 -0.00074276852 0.999999285
0.999992907 0.00371953007 0.000394366099 -0.00371997617 0.99999243 0.00113804382 -0.000390130095 -0.00113950286 0.999999166
0.999997258 0.00230848044 -2.94321217e-06 -0.00230847299 0.999996066 0.00153689575 6.49109597e-06 -0.00153688481 0.999998689
0.999999464 0.000935694203 -0.000373854215 -0.000934978016 0.999997675 0.00191406091 0.000375644333 -0.00191371038 0.999997973
0.999999881 0.000406453386 -0.000153489804 -0.000406172127 0.999998212 0.00182571309 0.000154231602 -0.00182565046 0.999998212
0.99999994 -0.000122748315 6.69679721e-05 0.000122632831 0.99999845 0.00173759856 -6.71811576e-05 -0.0017375903 0.999998391
0.999999642 -0.000652006827 0.00028751549 0.000651532784 0.999998331 0.00164943689 -0.000288590498 -0.00164924911 0.99999845
0.999999046 -0.00118122716 0.000508156256 0.00118043274 0.999998033 0.00156150886 -0.000509999809 -0.00156090781 0.99999851
0.999998569 -0.00158774853 0.000544479873 0.00158696063 0.999997616 0.00144279131 -0.000546769414 -0.0014419253 0.999998689
0.999997914 -0.00194049999 0.00050040608 0.00193984155 0.999997139 0.00131065398 -0.000502948009 -0.00130968075 0.999998868
0.999997199 -0.00229326077 0.000456236536 0.00229272153 0.999996603 0.00117830047 -0.000458937197 -0.00117725122 0.999999046
0.999996305 -0.00264612958 0.000412255758 0.00264569651 0.999995887 0.00104610214 -0.000415022223 -0.00104500784 0.999999285
0.999995112 -0.00309101678 0.000352747069 0.00309070293 0.999994755 0.000883148285 -0.000355475087 -0.000882053806 0.999999404
0.999993026 -0.00370844081 0.000264313945 0.00370826386 0.999992847 0.000662382809 -0.000266768475 -0.000661397993 0.999999583
0.999990582 -0.00432580803 0.00017606144 0.00432572886 0.999990463 0.000441696291 -0.000177970462 -0.00044093054 0.999999762
0.999987721 -0.00494330656 8.80815714e-05 0.00494328607 0.999987721 0.000220901129 -8.91724776e-05 -0.000220463015 0.999999881
0.999984503 -0.00556074269 0 0.00556074269 0.999984503 0 0 0 0.999999881
travstate 6
0.999914885 -0.00019171834 -0.0130387256 8.91685486e-05 0.999969006 -0.00786358956 0.0130398292 0.00786175858 0.999883831
0.999914885 -0.000191628933 -0.0130387256 8.91983509e-05 0.999969006 -0.00786226615 0.0130398283 0.00786043331 0.999883831
0.999914885 -0.000191628933 -0.0130387926 8.91983509e-05 0.999969006 -0.00786087569 0.0130398953 0.00785904378 0.999883831
0.999914885 -0.000191628933 -0.0130388588 8.91983509e-05 0.999969006 -0.00785948522 0.0130399624 0.00785765424 0.999883831
0.999914885 -0.000191628933 -0.0130387926 8.91983509e-05 0.999969006 -0.00785809569 0.0130398963 0.00785626378 0.999883831
0.999914885 -0.000191777945 -0.0130387936 8.93473625e-05 0.999969006 -0.00785664096 0.0130398963 0.00785480719 0.99988389
0.999914646 -0.00019171834 -0.013054085 8.91983509e-05 0.999969006 -0.00785419066 0.0130551877 0.00785235688 0.999883652
0.999914289 -0.000191748142 -0.0130885756 8.89599323e-05 0.999969065 -0.00785028469 0.0130896773 0.00784844719 0.999883294
0.999913692 -0.000191688538 -0.0131231332 8.87513161e-05 0.999969125 -0.00784631353 0.0131242331 0.00784447324 0.999882877
0.999913335 -0.000191837549 -0.0131576229 8.86917114e-05 0.999969125 -0.0078425426 0.0131587218 0.00784069765 0.9998824
0.999912858 -0.000191748142 -0.0131921135 8.83340836e-05 0.999969125 -0.00783863477 0.0131932124 0.00783678796 0.999882042
0.999912381 -0.00019171834 -0.0132266721 8.79764557e-05 0.999969184 -0.007834794 0.0132277682 0.00783294532 0.999881566
0.999912143 -0.000191509724 -0.01324799 8.78274441e-05 0.999969244 -0.00782910082 0.0132490844 0.00782725029 0.999881387
0.999911845 -0.00019171834 -0.0132677164 8.79764557e-05 0.999969304 -0.00782314595 0.0132688098 0.00782129075 0.999881148
0.999911547 -0.00019171834 -0.0132873114 8.78870487e-05 0.999969304 -0.00781732053 0.0132884048 0.00781546254 0.99988091
0.999911308 -0.000191688538 -0.0133070406 8.77678394e-05 0.999969363 -0.00781136192 0.0133081321 0.007809503 0.999880672
0.99991107 -0.000191628933 -0.0133267026 8.77082348e-05 0.999969363 -0.00780547038 0.0133277932 0.00780360866 0.999880493
0.999910831 -0.000191658735 -0.0133466311 8.75592232e-05 0.999969482 -0.00779905077 0.0133477198 0.00779718673 0.999880314
0.999910474 -0.000191658735 -0.013366756 8.75294209e-05 0.999969482 -0.00779163605 0.0133678438 0.00778977061 0.999880016
0.999910295 -0.000191688538 -0.0133870142 8.74996185e-05 0.999969602 -0.00778409047 0.013388101 0.00778222131 0.999879837
0.999909997 -0.000191688538 -0.0134072723 8.74102116e-05 0.999969602 -0.00777654396 0.0134083573 0.0077746734 0.999879658
0.999909759 -0.000191688538 -0.0134275295 8.74102116e-05 0.999969721 -0.00776899699 0.0134286117 0.00776712317 0.999879479
0.999909461 -0.00019171834 -0.0134476535 8.73506069e-05 0.99996978 -0.00776158273 0.0134487357 0.00775970612 0.999879181
0.999909163 -0.00019171834 -0.0134683093 8.72910023e-05 0.99996984 -0.00775311049 0.0134693906 0.00775123108 0.999879003
0.999908924 -0.00019171834 -0.0134891644 8.72910023e-05 0.9999699 -0.0077443067 0.0134902429 0.0077424245 0.999878764
0.999908566 -0.000191777945 -0.0135098854 8.72313976e-05 0.999969959 -0.00773563515 0.0135109629 0.00773375016 0.999878585
0.999908328 -0.00019171834 -0.0135306064 8.71419907e-05 0.999970078 -0.00772696361 0.0135316839 0.00772507582 0.999878407
0.99990809 -0.000191658735 -0.0135514606 8.71419907e-05 0.999970138 -0.00771815889 0.0135525372 0.00771626923 0.999878168
0.999907732 -0.000191777945 -0.0135722477 8.7082386e-05 0.999970198 -0.00770928897 0.0135733234 0.00770739559 0.99987793
0.999907494 -0.000191777945 -0.0135935675 8.7082386e-05 0.999970198 -0.00769962557 0.0135946395 0.00769773033 0.999877691
0.999907255 -0.000191807747 -0.0136148836 8.71419907e-05 0.999970317 -0.00768995937 0.0136159556 0.00768806133 0.999877512
0.999906898 -0.000191807747 -0.0136362007 8.70525837e-05 0.999970436 -0.0076802969 0.0136372708 0.00767839514 0.999877274
0.9999066 -0.00019171834 -0.0136575187 8.69631767e-05 0.999970496 -0.00767062977 0.0136585869 0.00766872708 0.999877095
0.999906301 -0.000191837549 -0.0136788348 8.6992979e-05 0.999970555 -0.00766096683 0.013679903 0.00765905995 0.999876857
0.999906063 -0.000191748142 -0.0137003521 8.69333744e-05 0.999970555 -0.00765097095 0.0137014166 0.00764906127 0.999876618
0.999905705 -0.000191658735 -0.0137222642 8.69035721e-05 0.999970734 -0.00764057785 0.0137233287 0.00763866631 0.99987644
0.999905467 -0.000191628933 -0.0137441121 8.67843628e-05 0.999970794 -0.0076303836 0.0137451747 0.00762846973 0.999876201
0.999905109 -0.000191688538 -0.0137658929 8.68141651e-05 0.999970913 -0.00762012228 0.0137669537 0.00761820562 0.999875963
0.999904871 -0.000191688538 -0.013787807 8.67545605e-05 0.999970913 -0.00760972966 0.0137888659 0.0076078102 0.999875784
0.999904513 -0.000191628933 -0.0138097182 8.67843628e-05 0.999971032 -0.00759946927 0.0138107762 0.00759754609 0.999875546
0.999904156 -0.000191748142 -0.013832096 8.67843628e-05 0.999971032 -0.00758874649 0.0138331521 0.00758682005 0.999875247
0.999903858 -0.000191807747 -0.013854472 8.67247581e-05 0.999971151 -0.00757802278 0.0138555272 0.00757609308 0.999875069
0.99990356 -0.000191569328 -0.0138767827 8.65161419e-05 0.999971271 -0.00756736286 0.0138778351 0.00756543223 0.99987483
0.999903202 -0.000191628933 -0.0138991587 8.66949558e-05 0.99997139 -0.00755663961 0.0139002101 0.00755470525 0.999874592
0.999902964 -0.000191777945 -0.0139215346 8.67545605e-05 0.99997139 -0.00754591823 0.0139225861 0.00754397921 0.999874353
0.999902666 -0.000191807747 -0.0139442431 8.67843628e-05 0.999971509 -0.00753499614 0.0139452927 0.0075330548 0.999874175
0.999902368 -0.000191748142 -0.0139672151 8.66651535e-05 0.999971628 -0.00752407266 0.0139682628 0.00752212852 0.999873936
0.99990201 -0.000191688538 -0.0139900558 8.65757465e-05 0.999971747 -0.00751314918 0.0139911007 0.00751120318 0.999873698
0.999901652 -0.000191688538 -0.0140129626 8.65757465e-05 0.999971747 -0.0075021619 0.0140140057 0.00750021171 0.9998734
0.999901354 -0.00019171834 -0.0140360007 8.64863396e-05 0.999971807 -0.007491305 0.0140370429 0.00748935249 0.999873161
0.999901056 -0.00019171834 -0.0140588395 8.66055489e-05 0.999971867 -0.00748038338 0.0140598807 0.00747842714 0.999872923
0.999900699 -0.000191748142 -0.0140823415 8.66055489e-05 0.999971986 -0.00746919774 0.0140833808 0.0074672373 0.999872684
0.999900341 -0.00019171834 -0.0141057782 8.65757465e-05 0.999972045 -0.0074582072 0.0141068138 0.00745624397 0.999872446
0.999900103 -0.000191777945 -0.0141292121 8.64863396e-05 0.999972105 -0.00744708627 0.0141302487 0.00744512025 0.999872208
0.999899745 -0.000191688538 -0.014152715 8.64863396e-05 0.999972224 -0.00743603054 0.0141537488 0.00743406219 0.999871969
0.999899387 -0.000191688538 -0.0141761489 8.64565372e-05 0.999972343 -0.00742504187 0.0141771818 0.00742307026 0.999871731
0.999899149 -0.00019171834 -0.0141997188 8.64565372e-05 0.999972463 -0.00741392188 0.0142007489 0.00741194654 0.999871492
0.999898732 -0.000191777945 -0.0142238159 8.64863396e-05 0.999972463 -0.00740280189 0.014224845 0.00740082189 0.999871194
0.999898434 -0.000191807747 -0.0142477807 8.63969326e-05 0.999972582 -0.00739181135 0.0142488079 0.00738983043 0.999870956
0.999898016 -0.000191807747 -0.0142718777 8.65459442e-05 0.999972701 -0.00738069182 0.014272904 0.00737870578 0.999870718
0.999897718 -0.000191658735 -0.0142958444 8.63075256e-05 0.999972761 -0.00736957043 0.0142968688 0.00736758253 0.99987042
0.999897361 -0.00019171834 -0.0143198082 8.6337328e-05 0.999972761 -0.00735844858 0.0143208308 0.00735645741 0.999870181
0.999897003 -0.000191777945 -0.0143443029 8.63969326e-05 0.99997282 -0.00734746177 0.0143453237 0.00734546501 0.999869823
0.999896646 -0.000191748142 -0.0143688638 8.63969326e-05 0.999973059 -0.00733627379 0.0143698845 0.00733427517 0.999869585
0.999896288 -0.000191688538 -0.0143933613 8.6247921e-05 0.999973059 -0.00732528511 0.0143943783 0.00732328417 0.999869347
0.99989593 -0.000191748142 -0.0144178551 8.62777233e-05 0.999973059 -0.00731416326 0.0144188721 0.00731215999 0.999869049
0.999895573 -0.00019171834 -0.014442415 8.62777233e-05 0.999973297 -0.007303108 0.0144434292 0.00730110053 0.99986881
0.999895215 -0.000191658735 -0.014467109 8.61883163e-05 0.999973297 -0.00729205366 0.0144681213 0.00729004387 0.999868512
0.999894857 -0.000191628933 -0.0144922649 8.60989094e-05 0.999973416 -0.00728093181 0.0144932764 0.00727891969 0.999868274
0.9998945 -0.000191688538 -0.0145173557 8.6158514e-05 0.999973416 -0.00726987608 0.0145183653 0.0072678607 0.999867976
0.999894083 -0.000191777945 -0.0145423785 8.63075256e-05 0.999973655 -0.00725875841 0.0145433862 0.00725673605 0.999867678
0.999893785 -0.000191777945 -0.0145674683 8.62181187e-05 0.999973655 -0.00724770222 0.0145684751 0.00724567752 0.99986738
0.999893367 -0.000191628933 -0.01459256 8.60095024e-05 0.999973655 -0.00723664463 0.0145935658 0.00723461993 0.999867082
0.99989301 -0.000191658735 -0.0146180484 8.60691071e-05 0.999973834 -0.00722546037 0.0146190515 0.00722343009 0.999866843
0.999892592 -0.00019171834 -0.0146436011 8.60989094e-05 0.999973893 -0.00721433945 0.0146446023 0.00721230451 0.999866486
0.999892294 -0.00019171834 -0.0146692218 8.60095024e-05 0.999973953 -0.0072031524 0.0146702211 0.0072011142 0.999866188
0.999891877 -0.000191777945 -0.0146949077 8.60691071e-05 0.999974012 -0.00719203195 0.0146959061 0.00718999002 0.999865949
0.99989152 -0.00019171834 -0.0147205275 8.59797001e-05 0.999974072 -0.00718084257 0.014721524 0.00717879832 0.999865592
0.999891162 -0.000191777945 -0.0147461463 8.59797001e-05 0.999974132 -0.00716965646 0.0147471419 0.00716760848 0.999865294
0.999890804 -0.000191569328 -0.0147723649 8.58902931e-05 0.999974251 -0.00715840142 0.0147733577 0.00715635158 0.999865055
0.999890327 -0.000191658735 -0.0147985108 8.59498978e-05 0.99997437 -0.0071470812 0.0147995027 0.00714502763 0.999864697
0.99988997 -0.00019171834 -0.0148246614 8.59200954e-05 0.999974489 -0.0071357633 0.0148256533 0.00713370554 0.999864399
0.999889612 -0.000191688538 -0.0148507459 8.58902931e-05 0.999974489 -0.00712437648 0.014851734 0.00712231547 0.999864101
0.999889195 -0.000191688538 -0.014877026 8.58902931e-05 0.999974608 -0.00711318804 0.0148780132 0.00711112376 0.999863803
0.999888778 -0.00019171834 -0.0149034411 8.58902931e-05 0.999974668 -0.00710160565 0.0149044255 0.00709953625 0.999863446
0.99988842 -0.000191777945 -0.0149301849 8.59200954e-05 0.999974728 -0.0070899548 0.0149311684 0.00708788075 0.999863148
0.999887943 -0.000191628933 -0.0149568655 8.58604908e-05 0.999974847 -0.00707836915 0.0149578471 0.0070762937 0.99986279
0.999887586 -0.00019171834 -0.0149836093 8.58008862e-05 0.999974966 -0.0070667183 0.01498459 0.00706463959 0.999862552
0.999887168 -0.000191777945 -0.015010288 8.58902931e-05 0.999975085 -0.00705513591 0.0150112677 0.00705305161 0.999862194
0.999886811 -0.000191628933 -0.0150370337 8.57710838e-05 0.999975085 -0.00704321731 0.0150380097 0.00704113161 0.999861896
0.999886394 -0.000191748142 -0.0150641762 8.58604908e-05 0.999975085 -0.00703117112 0.0150651503 0.00702907983 0.999861538
0.999885976 -0.000191658735 -0.0150914509 8.57710838e-05 0.999975204 -0.00701898988 0.0150924232 0.00701689674 0.99986124
0.999885559 -0.000191658735 -0.0151187265 8.57412815e-05 0.999975383 -0.00700681098 0.0151196979 0.00700471364 0.999860942
0.999885201 -0.00019171834 -0.0151459333 8.57710838e-05 0.999975383 -0.0069946968 0.0151469028 0.00699259434 0.999860585
0.999884725 -0.000191748142 -0.0151731428 8.58008862e-05 0.999975562 -0.00698258448 0.0151741114 0.00698047737 0.999860227
0.999884307 -0.000191658735 -0.0152007481 8.57114792e-05 0.999975622 -0.00696993805 0.0152017158 0.00696783001 0.999859929
0.999884009 -0.000191569328 -0.0152284857 8.57412815e-05 0.999975681 -0.00695702853 0.0152294505 0.00695491722 0.999859631
0.999883473 -0.000191599131 -0.0152562242 8.56518745e-05 0.999975741 -0.00694398815 0.0152571872 0.00694187172 0.999859273
0.999883056 -0.000191658735 -0.0152839608 8.57114792e-05 0.99997586 -0.00693108002 0.015284922 0.00692895893 0.999858916
0.999882638 -0.000191688538 -0.0153117646 8.57114792e-05 0.999975979 -0.00691810343 0.0153127247 0.00691598002 0.999858558
0.999882221 -0.000191599131 -0.0153395701 8.57114792e-05 0.999976099 -0.00690526189 0.0153405285 0.00690313522 0.99985826
travstate 7
1 0 0 0 0.999999881 0 0 0 0.999999881
0.999984443 0.00201308727 -0.00520839263 -0.00203812122 0.999986231 -0.00481378101 0.00519863144 0.00482432172 0.999974728
0.999937773 0.00400093198 -0.0104262978 -0.0041012764 0.999945283 -0.00961678568 0.0103872512 0.00965894572 0.999899268
0.999788165 0.00704157352 -0.0193451904 -0.00736746192 0.999831259 -0.0168234464 0.0192234609 0.0169624034 0.999671221
0.99942714 0.011061132 -0.0319858342 -0.0119076967 0.999580383 -0.0263985842 0.0316804163 0.026764337 0.999139488
0.9988904 0.0149561763 -0.0446585864 -0.0165666938 0.999217451 -0.0359126702 0.0440865345 0.0366126634 0.998356462
0.997401476 0.0195394456 -0.0693441182 -0.022795856 0.998658895 -0.0464831442 0.0683428645 0.0479431115 0.996509194
0.995283246 0.0238406956 -0.0940369293 -0.0292798281 0.997950792 -0.0568916127 0.0924879089 0.059376657 0.993941724
0.991488576 0.0277023017 -0.127212688 -0.036324501 0.997160316 -0.0659663901 0.12502405 0.0700258687 0.989679337
0.985171318 0.0310288072 -0.16874519 -0.0439860225 0.996317446 -0.0735972077 0.165840164 0.0799282715 0.98290807
0.977113068 0.0339337885 -0.209997028 -0.0519527495 0.995367885 -0.0808918551 0.206279352 0.0899504051 0.974349797
0.965614796 0.0357275605 -0.257510543 -0.0598890483 0.994441092 -0.0866018012 0.25298503 0.0990460515 0.962386727
0.951810956 0.0370722413 -0.304436564 -0.0680919588 0.993436038 -0.0919130147 0.2990309 0.108213477 0.948087573
0.937869906 0.0379963517 -0.34490037 -0.0758104026 0.9924106 -0.0968174636 0.338604122 0.116949253 0.933632612
0.92454493 0.0386097431 -0.379112065 -0.082991302 0.991375089 -0.101427615 0.371926248 0.125237361 0.919775069
0.909983814 0.0389161408 -0.412813425 -0.0903300345 0.990279794 -0.105764523 0.404684931 0.133533463 0.904653847
0.902621686 0.0390409827 -0.428660631 -0.0938240886 0.98977679 -0.107418075 0.420084685 0.137176603 0.897056937
0.894985318 0.039101541 -0.444378793 -0.0973457694 0.98926264 -0.109009117 0.435344964 0.140819952 0.889181793
0.892374277 0.0387586057 -0.44962883 -0.0988117456 0.988910913 -0.11086525 0.440345943 0.143361881 0.886308372
0.894969821 0.0380667448 -0.44449988 -0.0981930196 0.98872751 -0.113030583 0.435186595 0.144805729 0.888619006
0.897535324 0.0373831987 -0.439354986 -0.0975616872 0.988540471 -0.115192086 0.430014014 0.146253183 0.890897155
0.907916367 0.0365191996 -0.417557538 -0.0944375992 0.988405347 -0.118895188 0.40837419 0.147380009 0.900838137
0.917767346 0.0356827676 -0.395512283 -0.0912246704 0.988264322 -0.122521684 0.386498779 0.148526832 0.910251737
0.929562807 0.0357263386 -0.366928637 -0.0869999528 0.988440514 -0.124161698 0.358251363 0.147338867 0.921925664
0.942718625 0.0365271568 -0.331583112 -0.0818367898 0.988935769 -0.123727806 0.323395014 0.143776193 0.935277402
0.954534471 0.0371915698 -0.295771509 -0.0766943693 0.989426374 -0.123098366 0.28806594 0.140185639 0.947293937
0.966177344 0.0411158204 -0.25458017 -0.0726560056 0.990617037 -0.1157533 0.247432187 0.130334958 0.960098922
0.9760589 0.0446117222 -0.212882295 -0.0689333975 0.991732955 -0.108229324 0.206294134 0.120312899 0.971064985
0.983896255 0.0491060019 -0.171862736 -0.0668292046 0.992850065 -0.0989055336 0.165777117 0.108798258 0.98014313
0.989807725 0.054528147 -0.131557971 -0.0664335191 0.993914008 -0.0878706872 0.125965893 0.0957149416 0.987406254
0.994078457 0.0594084859 -0.0909869447 -0.0664842427 0.9948259 -0.0768175796 0.0859525651 0.0824119002 0.992884755
0.996392965 0.0650794804 -0.0544601195 -0.0685712099 0.995532155 -0.0649118051 0.0499923863 0.0684120581 0.996403694
0.997372031 0.0702321827 -0.017789552 -0.0710862279 0.996056795 -0.0530777425 0.0139916418 0.0542028472 0.998431802
0.997088969 0.0746398568 0.0155721772 -0.0739326477 0.996382594 -0.041897025 -0.0186430383 0.0406237692 0.99900043
0.99587816 0.0784091353 0.0455929413 -0.0770252049 0.996535659 -0.0313609652 -0.0478939861 0.0277198981 0.998467565
0.993777871 0.081787169 0.0756073594 -0.0804229677 0.996541083 -0.0209197998 -0.0770568252 0.0147090619 0.996918082
0.991912723 0.0823952854 0.0965412557 -0.0814972818 0.996585727 -0.0132152662 -0.0973005369 0.00524054794 0.995241106
0.989621997 0.082804054 0.117439188 -0.0827276111 0.996556759 -0.00553368032 -0.117493033 -0.00423921226 0.993064523
0.987790108 0.0807847679 0.13320829 -0.081631124 0.996662021 0.000896207988 -0.132691264 -0.0117592132 0.991087496
0.986641645 0.076440841 0.143857747 -0.0781303048 0.996924281 0.00612345338 -0.142947182 -0.0172813069 0.98957932
0.985368252 0.0720366836 0.154467836 -0.0746826828 0.997142255 0.0113879889 -0.153206065 -0.022757424 0.987932146
0.985609591 0.0640060306 0.156450838 -0.0672413409 0.997616649 0.0154695511 -0.155087829 -0.0257668924 0.987564445
0.98578763 0.0559654832 0.15840055 -0.0598038137 0.998018265 0.0195658654 -0.156991646 -0.0287607368 0.987180889
0.986456394 0.0472275317 0.157077849 -0.0514802039 0.99840641 0.0231141374 -0.15573591 -0.0308875013 0.987315595
0.987582743 0.0378000736 0.152484655 -0.0422537327 0.998766601 0.0260719284 -0.151311085 -0.0321912505 0.987961769
0.988601089 0.0283756554 0.147860706 -0.0330105722 0.999034405 0.028986454 -0.146895453 -0.033537019 0.988583148
0.990116954 0.0197860599 0.138841361 -0.0242661238 0.999235511 0.0306488089 -0.138128817 -0.0337150395 0.98984009
0.99147743 0.0111969411 0.129796743 -0.0155054629 0.999360085 0.0322312191 -0.129352808 -0.0339690857 0.991016448
0.992810369 0.00425744057 0.119622469 -0.00829845667 0.999410748 0.0333034955 -0.119410209 -0.0340567343 0.992260635
0.994115293 -0.00103485584 0.108322263 -0.00265100598 0.999422371 0.0338774435 -0.10829477 -0.0339652486 0.99353832
0.995263755 -0.00632756948 0.0970056057 0.00300237536 0.999403954 0.0343872197 -0.0971653834 -0.0339331031 0.994689524
0.996296942 -0.00755289197 0.0856477693 0.00463503599 0.999403596 0.0342160016 -0.0858551264 -0.033692304 0.995737612
0.99719888 -0.00878080726 0.0742787942 0.00626564026 0.999401152 0.034026254 -0.0745330974 -0.0334655419 0.996656716
0.997955263 -0.00877866149 0.063311033 0.00666558743 0.999416053 0.0335096754 -0.0635682419 -0.0330191515 0.99743098
0.998579562 -0.0075494349 0.0527450144 0.00582957268 0.999448538 0.032686837 -0.0529627018 -0.0323329233 0.998072743
0.999090314 -0.0063277483 0.0421724319 0.00498488545 0.999479353 0.0318726376 -0.0423521623 -0.0316334143 0.998601735
0.999454021 -0.00378909707 0.0328241214 0.00278151035 0.99952507 0.0306863151 -0.0329248123 -0.0305782575 0.99898982
0.999723792 -0.00126069784 0.0234698616 0.000567376614 0.999563932 0.029520642 -0.0234968495 -0.0294991732 0.999288499
0.999884963 0.0013473928 0.015111709 -0.00177392364 0.999599338 0.0282469485 -0.0150675969 -0.0282705054 0.999486566
0.999961913 0.00403416157 0.00774966832 -0.00424101949 0.999630034 0.0268632621 -0.00763843162 -0.0268951003 0.999608934
0.999977469 0.00671097636 0.00038343668 -0.00671860576 0.999652147 0.0254978016 -0.000212187864 -0.0254998039 0.999674678
0.999955177 0.00832751393 -0.00452335272 -0.00821661949 0.999677777 0.0240101889 0.0047218441 -0.0239719469 0.999701381
0.999906182 0.0099362433 -0.00943250488 -0.00972160697 0.999698758 0.0225298554 0.00965352636 -0.0224360414 0.99970156
0.999853253 0.0109320581 -0.0131911123 -0.0106549859 0.999724865 0.0208890159 0.0134158423 -0.0207453985 0.999694645
0.999811172 0.0113166571 -0.0157982633 -0.0110144615 0.999757111 0.0190829672 0.0160103813 -0.0189053528 0.999692976
0.999762177 0.0116966367 -0.0184060149 -0.0113788247 0.9997859 0.0172776766 0.0186041668 -0.0170641281 0.999681175
0.999746203 0.0113146603 -0.0194801986 -0.0110176206 0.999822259 0.015288501 0.0196497235 -0.0150699979 0.999693215
0.999728978 0.0109306574 -0.020553669 -0.0106586218 0.999854624 0.0132989381 0.0206960496 -0.0130762598 0.999700129
0.999727607 0.0103156567 -0.0209376626 -0.0100823343 0.999886096 0.0112201143 0.0210510213 -0.0110059567 0.999717712
0.999742389 0.0094717145 -0.020631576 -0.00928664207 0.999915838 0.00905263051 0.0207155831 -0.00885869842 0.999746025
0.999756277 0.00862854719 -0.0203235522 -0.00849023461 0.999940157 0.00688530924 0.0203817487 -0.00671108067 0.999769628
0.999791741 0.0073992312 -0.0190222226 -0.00731247663 0.999962449 0.00462812698 0.0190557539 -0.00448806398 0.999808252
0.999824047 0.00617274642 -0.0177179519 -0.00613176823 0.999978304 0.00237246323 0.0177322142 -0.0022634042 0.999840081
0.99985981 0.00482976437 -0.0160311498 -0.00482848287 0.999988258 0.000117291696 0.0160315279 -3.98689845e-05 0.999871314
0.999896884 0.00337135792 -0.0139613887 -0.00340148807 0.999991775 -0.00213648379 0.0139540741 0.00218375283 0.999900162
0.999927521 0.00191739202 -0.0118882982 -0.00196966529 0.999988317 -0.00438723899 0.0118797496 0.00441033719 0.999919593
0.999964833 0.000759840012 -0.00836180057 -0.000811338425 0.999980569 -0.00616060663 0.0083569577 0.00616717385 0.999945939
0.999988317 -0.000391364098 -0.00483310409 0.000353038311 0.99996829 -0.00792972185 0.00483605545 0.00792792253 0.999956787
0.999998808 -0.00132486224 -0.000920797698 0.00131627917 0.999956071 -0.00926882774 0.000933037081 0.00926760305 0.999956548
0.999992251 -0.00204187632 0.00337429997 0.00207620859 0.999945879 -0.0101783788 -0.00335333333 0.010185306 0.999942362
0.99996686 -0.00275504589 0.00767003233 0.00284013152 0.999934375 -0.0110845482 -0.00763899134 0.011105964 0.999909043
0.999935031 -0.00310915709 0.0109679839 0.00323310494 0.999930859 -0.0113017363 -0.010932087 0.0113364616 0.999875844
0.999892354 -0.00346243382 0.0142658548 0.00362691283 0.999926925 -0.011517535 -0.0142249344 0.0115680331 0.999831736
0.999864101 -0.0036714077 0.0160681158 0.00385597348 0.999926627 -0.0114728743 -0.0160248168 0.0115332743 0.999804914
0.999859095 -0.00373628736 0.016374927 0.00391945243 0.999929905 -0.0111689577 -0.0163320489 0.0112315631 0.999803424
0.999853611 -0.00380128622 0.0166815612 0.00398287177 0.999932885 -0.0108648669 -0.0166391432 0.0109297177 0.999801695
0.999882102 -0.00365266204 0.0149176177 0.00380501151 0.999940693 -0.010193238 -0.0148795024 0.0102487979 0.999836624
0.999907374 -0.00350287557 0.0131537076 0.00362831354 0.999947906 -0.00952138007 -0.0131196734 0.00956822373 0.999868035
0.999928474 -0.00328338146 0.0115047116 0.0033839643 0.999956012 -0.00873675011 -0.0114755211 0.00877505634 0.999895513
0.99994576 -0.0029937923 0.00997074414 0.00307205319 0.999964416 -0.00783923175 -0.00994692184 0.00786943734 0.999919474
0.99996078 -0.00270307064 0.00843695924 0.0027615726 0.999971986 -0.00694135623 -0.00841796119 0.00696438458 0.999940217
0.999972403 -0.00234794617 0.00705613708 0.00239008665 0.999979138 -0.00597130181 -0.00704197073 0.00598800136 0.999957144
0.999981999 -0.00199142098 0.00567560457 0.0020197928 0.999985337 -0.00500075612 -0.00566556351 0.00501212897 0.999971271
0.999988794 -0.00163894892 0.00444845436 0.00165697932 0.999990225 -0.00407055719 -0.00444173999 0.00407788251 0.999981701
0.999993563 -0.001290977 0.00337456609 0.00130164623 0.99999404 -0.00318109337 -0.00337043917 0.003185465 0.999989152
0.99999702 -0.000941872597 0.00230103242 0.000947117805 0.999996781 -0.00229113386 -0.00229886733 0.0022933064 0.999994636
0.99999845 -0.000675827265 0.00161052949 0.000678449869 0.999998331 -0.00163746008 -0.00160942029 0.00163855019 0.999997258
0.999999523 -0.000409513712 0.000920309045 0.000410348177 0.999999404 -0.000983614125 -0.000919905782 0.000983991311 0.999998987
1 -0.000220865011 0.000460234558 0.00022110343 0.999999762 -0.000525294046 -0.000460118463 0.000525395677 0.999999642
1 -0.000110477209 0.000230088292 0.000110566616 0.999999881 -0.000262738671 -0.000230059246 0.000262764079 0.999999821
1 0 0 0 0.999999881 0 0 0 0.999999881
travstate 8
0.999998569 0.000958878547 0.00134222652 -0.000939730555 0.999898851 -0.0141904587 -0.00135569775 0.0141891763 0.999898314
0.999993443 0.00304570422 -0.00190937519 -0.00307281688 0.999891996 -0.0143602481 0.00186543236 0.0143660223 0.999894917
0.999973357 0.00513198972 -0.00516125839 -0.00520646572 0.99988085 -0.0145230917 0.00508611184 0.0145495785 0.999881089
0.999938488 0.0072176531 -0.00841367058 -0.0073406361 0.999865234 -0.0146789616 0.00830658898 0.0147398226 0.99985677
0.999841571 0.0108062029 -0.0141348103 -0.0110108368 0.999834299 -0.0144801596 0.0139759956 0.0146335037 0.999795079
0.999688923 0.0146103464 -0.0202074666 -0.0148990154 0.999787927 -0.0142091224 0.0199955832 0.0145057766 0.999694705
0.999484897 0.0184148401 -0.0262781903 -0.0187851284 0.999726593 -0.0139144203 0.0260147806 0.0144008938 0.999557734
0.999302685 0.0205105767 -0.031199988 -0.0209143367 0.999700904 -0.0126699414 0.0309307911 0.0133136343 0.999432743
0.99911809 0.0220422577 -0.0357365943 -0.0224520937 0.999686122 -0.011107631 0.035480544 0.0119001968 0.999299407
0.998910427 0.023580309 -0.0402702764 -0.0239826962 0.99966675 -0.00953829288 0.0400319472 0.0104936911 0.999143183
0.998898804 0.022513248 -0.0411600247 -0.0228233188 0.999714255 -0.00707868999 0.0409889072 0.00801030453 0.999127388
0.999007046 0.0198770203 -0.0398715585 -0.0200556386 0.99979043 -0.00408488745 0.03978201 0.00488048093 0.999196291
0.999106288 0.0172366574 -0.0385907702 -0.0172914974 0.999849796 -0.0010875928 0.038566228 0.00175391312 0.999254346
0.999405503 0.013646882 -0.0316574387 -0.0135827214 0.999905169 0.00224087085 0.031685017 -0.00180954498 0.999496162
0.999776781 0.00907251611 -0.0190740991 -0.0089606531 0.999942124 0.00594148738 0.0191268995 -0.00576924486 0.999800324
0.999968886 0.0044486858 -0.00650471542 -0.00438547507 0.999943316 0.00970010087 0.00654749945 -0.00967127178 0.999931693
0.999952614 1.18017197e-05 0.00972429011 -0.000142931938 0.999908984 0.0134842964 -0.00972324703 -0.013485047 0.999861658
0.999477267 -0.00410550833 0.0320649594 0.00355225056 0.999844015 0.017292073 -0.0321309529 -0.0171691328 0.999336064
0.998485982 -0.00830428675 0.0543746315 0.00716130435 0.999749899 0.0211816076 -0.0545369349 -0.0207601488 0.998295844
0.996895313 -0.0120823123 0.0778056756 0.0101797245 0.999640405 0.0248033497 -0.0780773759 -0.0239343029 0.996659875
0.994400144 -0.0144295841 0.104689457 0.0116154179 0.999555826 0.0274412427 -0.105038941 -0.0260715671 0.994126201
0.991174042 -0.0168338418 0.131493494 0.0129791647 0.999462128 0.0301169343 -0.131929755 -0.0281444546 0.990859389
0.987308919 -0.0190875866 0.157660156 0.0141137242 0.999368548 0.0326076224 -0.158182979 -0.0299686287 0.986954868
0.983458638 -0.0199358985 0.180031702 0.0141119212 0.999336541 0.0335728787 -0.180581585 -0.0304769482 0.98308754
0.979100227 -0.0207956992 0.202312052 0.0140882283 0.999303937 0.0345378965 -0.202889487 -0.0309658442 0.978711724
0.974236786 -0.0216662623 0.224483892 0.0140425973 0.999270797 0.0355020389 -0.225089416 -0.0314350575 0.97383076
0.971040726 -0.0213722363 0.237955481 0.0134701654 0.999303877 0.0347849727 -0.238533303 -0.0305723269 0.970652819
0.967658579 -0.0210661367 0.251381993 0.0129075386 0.999336302 0.0340599641 -0.251932681 -0.0297136977 0.967288375
0.964091122 -0.02074828 0.264759481 0.0123551078 0.999368072 0.0333273038 -0.265283674 -0.0288594309 0.963738263
0.96205169 -0.0196993202 0.272154987 0.0115311369 0.99943465 0.0315799415 -0.272623241 -0.0272432845 0.961734951
0.960203111 -0.0185358375 0.278686553 0.0106794685 0.999502301 0.0296826623 -0.279098034 -0.0255251694 0.959923208
0.958309889 -0.0173607357 0.285202742 0.00984063745 0.999565482 0.0277795605 -0.285561174 -0.0238148496 0.958064437
0.957615256 -0.0158708654 0.287612528 0.00894475356 0.999637783 0.0253795497 -0.287911147 -0.0217312183 0.957410336
0.957327306 -0.0142763369 0.288652718 0.00802943483 0.999707341 0.0228141304 -0.288893968 -0.0195228811 0.957161844
0.957036912 -0.0126795061 0.289688528 0.00711683929 0.999769568 0.0202476196 -0.289878517 -0.0173160527 0.956906676
0.957561016 -0.0110001452 0.288020372 0.00619031861 0.999825776 0.0176050626 -0.2881639 -0.0150749851 0.957462311
0.958564103 -0.00927871093 0.284725338 0.00524687394 0.99987483 0.0149199609 -0.284828186 -0.0128078237 0.958492875
0.959554195 -0.00756500289 0.28142193 0.00429403782 0.999915719 0.0122378767 -0.281490833 -0.0105344718 0.959505975
0.960975051 -0.00599757954 0.276569724 0.00341760367 0.999946058 0.00980955642 -0.276613653 -0.00848153327 0.960943639
0.962803543 -0.00457936525 0.270163089 0.00261342153 0.999967337 0.00763613731 -0.270189315 -0.00664604967 0.962784111
0.964588165 -0.00317347422 0.263741165 0.00179480389 0.99998337 0.00546812546 -0.263754159 -0.00480112387 0.964577794
0.966472805 -0.00201980397 0.256760478 0.00112809241 0.999992669 0.00362018775 -0.256765932 -0.00320916413 0.966468155
0.968539536 -0.00127696991 0.248855963 0.000727273524 0.99999696 0.00230081845 -0.248858184 -0.00204744725 0.968537629
0.970541298 -0.000543639064 0.240933672 0.000315666199 0.999999285 0.000984761864 -0.240934059 -0.000879697443 0.970540941
0.972448587 4.71509993e-05 0.233116731 -2.44863331e-05 0.99999994 -0.000100082718 -0.233116746 9.16151257e-05 0.972448587
0.974208057 0.000233534724 0.225651145 -0.000124029815 0.999999821 -0.000499430113 -0.225651234 0.000458560855 0.974207938
0.975910068 0.000417072326 0.218172193 -0.000226572156 0.999999464 -0.000898143277 -0.218172491 0.000827074924 0.97590971
0.977541685 0.000575244427 0.210740745 -0.000321473926 0.999999166 -0.00123843551 -0.210741267 0.00114287517 0.977541089
0.97902894 0.000574883074 0.203720167 -0.000342495739 0.999999166 -0.00117599405 -0.203720704 0.00108155876 0.979028344
0.98046571 0.000574864447 0.196688876 -0.000362981111 0.999999225 -0.00111331884 -0.196689397 0.00102017715 0.980465174
0.981851995 0.00057541579 0.1896476 -0.00038311258 0.999999344 -0.00105062872 -0.189648077 0.000958904566 0.981851578
0.98324579 0.000451233238 0.182283655 -0.000302255154 0.999999464 -0.000845037866 -0.182283953 0.000775782333 0.983245552
0.984584451 0.00032832101 0.174909174 -0.000219754875 0.999999642 -0.000640091021 -0.174909368 0.000591787451 0.984584272
0.985867739 0.000206954777 0.167525113 -0.00013589114 0.999999821 -0.00043566525 -0.167525172 0.000406742998 0.98586762
0.987066627 0.000137224793 0.16031006 -9.10907984e-05 0.999999821 -0.000295118429 -0.16031009 0.000276698702 0.987066567
0.988208711 7.58059323e-05 0.153111652 -5.13233244e-05 0.99999994 -0.00016379077 -0.153111666 0.000154000227 0.988208771
0.989298463 1.51284039e-05 0.145905465 -1.04643404e-05 0.99999994 -3.27583402e-05 -0.145905465 3.08817216e-05 0.989298403
0.990293682 8.19563866e-08 0.13899003 -7.07805157e-08 0.999999881 -1.02445483e-07 -0.13899003 9.12696052e-08 0.990293622
0.991227329 1.37835741e-07 0.132167488 -1.3038516e-07 1 -7.91624188e-08 -0.132167488 6.23986054e-08 0.991227269
0.992113948 5.21540642e-08 0.125338465 -4.09781933e-08 1 -6.33299351e-08 -0.12533848 5.86733186e-08 0.992113888
0.992933691 1.11758709e-07 0.118669979 -1.00582838e-07 0.99999994 -1.06636435e-07 -0.118669987 9.40635729e-08 0.992933631
0.993697286 8.94069672e-08 0.112095959 -7.82310963e-08 0.999999881 -1.34576112e-07 -0.112095967 1.2433155e-07 0.993697226
0.994417369 1.1920929e-07 0.105517045 -1.15483999e-07 0.999999881 -6.98491931e-08 -0.105517052 5.72763348e-08 0.994417369
0.995103657 1.04308128e-07 0.0988363326 -1.04308128e-07 0.99999994 -6.51925802e-08 -0.0988363251 5.44823671e-08 0.995103598
0.995754004 1.52736902e-07 0.0920536369 -1.45286322e-07 0.99999994 -1.08964741e-07 -0.0920536369 9.54605568e-08 0.995753944
0.996358156 1.41561031e-07 0.0852664858 -1.41561031e-07 0.99999994 -7.31088221e-08 -0.0852664858 6.10016215e-08 0.996358037
0.996910453 1.2293458e-07 0.0785455704 -1.11758709e-07 1 -4.72646207e-08 -0.0785455629 3.79513914e-08 0.996910393
0.997409105 1.78813934e-07 0.0719373822 -1.78813934e-07 0.99999994 -5.58793545e-09 -0.0719373822 -7.21774951e-09 0.997409046
0.997863889 4.47034836e-08 0.0653260276 -4.84287739e-08 0.999999881 -5.89061528e-08 -0.0653260276 5.56465203e-08 0.997863829
0.998267651 1.41561031e-07 0.0588344075 -1.45286322e-07 0.99999994 -3.63215804e-08 -0.0588344075 2.77068448e-08 0.998267651
0.9986099 6.70552254e-08 0.0527077653 -7.07805157e-08 0.99999994 2.79396772e-08 -0.0527077615 -3.18977946e-08 0.9986099
0.99891448 1.11758709e-07 0.0465793163 -1.08033419e-07 0.99999994 -1.35041773e-08 -0.04657932 8.14907164e-09 0.99891448
0.999176264 1.11758709e-07 0.0405793041 -1.15483999e-07 0.99999994 -8.38190317e-09 -0.0405793041 3.72529008e-09 0.999176204
0.999369919 1.34110451e-07 0.0354899913 -1.3038516e-07 0.99999994 -1.40862539e-08 -0.0354899913 9.42964018e-09 0.999369919
0.999537706 6.70552254e-08 0.0303997584 -7.07805157e-08 0.99999994 -9.19681042e-09 -0.0303997621 7.33416483e-09 0.999537706
0.999679565 1.04308128e-07 0.0253087394 -1.08033419e-07 0.99999994 -8.09086487e-08 -0.0253087413 7.83475045e-08 0.999679565
0.999769926 1.82539225e-07 0.021444086 -1.82539225e-07 0.99999994 1.87428668e-08 -0.0214440841 -2.2700986e-08 0.999769926
0.999845386 1.2665987e-07 0.017579101 -1.3038516e-07 0.99999994 -2.09547579e-09 -0.017579101 -1.16415315e-10 0.999845326
0.999905884 1.34110451e-07 0.0137136681 -1.3038516e-07 1 -3.98140401e-08 -0.0137136681 3.79513914e-08 0.999905884
0.999937892 1.15483999e-07 0.01113672 -1.11758709e-07 0.99999994 -8.137431e-08 -0.011136719 7.9977319e-08 0.999937892
0.999961674 9.68575478e-08 0.00874377415 -9.68575478e-08 0.99999994 -7.27595761e-08 -0.00874377415 7.19446618e-08 0.999961674
0.999979675 9.31322575e-08 0.00635077851 -9.31322575e-08 0.99999994 -6.89760782e-08 -0.00635077851 6.83648906e-08 0.999979675
0.999989092 6.33299351e-08 0.00464805216 -5.96046448e-08 0.99999994 5.4074917e-08 -0.00464805216 -5.43368479e-08 0.999989092
0.999994874 1.37835741e-07 0.00317540509 -1.41561031e-07 0.99999994 -3.31492629e-08 -0.00317540509 3.269815e-08 0.999994874
0.99999851 1.1920929e-07 0.00170275941 -1.1920929e-07 0.99999994 6.64804247e-08 -0.00170275953 -6.66914204e-08 0.99999845
0.999999642 1.75088644e-07 0.000767066784 -1.71363354e-07 0.99999994 -7.40728865e-08 -0.000767066784 7.39419121e-08 0.999999583
0.99999994 1.86264515e-07 0.000153432047 -1.86264515e-07 0.99999994 -1.56842361e-08 -0.000153432047 1.565604e-08 0.999999881
0.999999821 8.56816769e-08 -0.000460206997 -8.94069672e-08 0.99999994 -5.08625817e-08 0.000460206997 5.09044149e-08 0.999999762
0.999999583 1.71363354e-07 -0.000828371674 -1.71363354e-07 0.99999994 -7.27741281e-08 0.000828371674 7.29196401e-08 0.999999523
0.999999464 1.67638063e-07 -0.000951057766 -1.63912773e-07 0.99999994 1.19835022e-08 0.000951057766 -1.18234302e-08 0.999999404
0.999999344 1.60187483e-07 -0.0010737523 -1.60187483e-07 0.99999994 -9.03200998e-08 0.0010737523 9.04910777e-08 0.999999285
0.999999344 1.56462193e-07 -0.00110449386 -1.60187483e-07 0.99999994 -6.58692443e-08 0.00110449386 6.60438602e-08 0.999999285
0.999999464 1.63912773e-07 -0.000981710153 -1.63912773e-07 0.99999994 -6.14454621e-08 0.000981710153 6.1601888e-08 0.999999404
0.999999583 1.67638063e-07 -0.000859015505 -1.71363354e-07 0.99999994 4.0850864e-08 0.000859015505 -4.07053413e-08 0.999999523
0.999999702 1.75088644e-07 -0.000705583428 -1.75088644e-07 0.99999994 2.51711754e-08 0.000705583428 -2.50438443e-08 0.999999642
0.999999821 8.56816769e-08 -0.000460206997 -8.94069672e-08 0.99999994 -5.08625817e-08 0.000460206997 5.09044149e-08 0.999999762
0.99999994 1.86264515e-07 -0.000214732674 -1.86264515e-07 0.99999994 -3.76376192e-08 0.000214732674 3.76776335e-08 0.999999881
0.99999994 1.86264515e-07 0 -1.86264515e-07 0.99999994 0 0 0 0.999999881
0.99999994 1.86264515e-07 0 -1.86264515e-07 0.99999994 0 0 0 0.999999881
0.99999994 1.86264515e-07 0 -1.86264515e-07 0.99999994 0 0 0 0.999999881
0.99999994 1.86264515e-07 0 -1.86264515e-07 0.99999994 0 0 0 0.999999881
travstate 9
0.993650079 0.011092037 0.111965947 -0.0117692351 0.999916136 0.0053892564 -0.111896783 -0.00667278608 0.993697345
0.993649006 0.011091888 0.111975558 -0.0117691457 0.999916136 0.00538919307 -0.111906402 -0.00667281961 0.993696272
0.993647873 0.0110918283 0.111985348 -0.0117691457 0.999916196 0.00538916327 -0.111916207 -0.00667290716 0.99369514
0.993646801 0.0110917985 0.111995064 -0.0117691457 0.999916196 0.00538911112 -0.111925907 -0.0066729649 0.993694067
0.99364543 0.0110917687 0.112007514 -0.0117691755 0.999916196 0.00538899563 -0.11193835 -0.00667298911 0.993692696
0.99364233 0.0110916793 0.112035282 -0.0117692649 0.999916196 0.00538882427 -0.111966118 -0.00667313626 0.993689537
0.993639231 0.0110915303 0.112063073 -0.0117692947 0.999916196 0.00538856909 -0.111993924 -0.00667320145 0.993686378
0.993636072 0.0110915005 0.112090848 -0.0117694139 0.999916196 0.00538840331 -0.112021692 -0.00667335792 0.993683279
0.993631482 0.0110912919 0.112130947 -0.0117694438 0.999916136 0.00538818724 -0.112061791 -0.00667359447 0.993678749
0.993623793 0.0110911131 0.112198994 -0.011769712 0.999916196 0.00538784452 -0.112129845 -0.00667403964 0.99367106
0.993616104 0.0110909045 0.11226698 -0.0117699206 0.999916196 0.00538738444 -0.112197824 -0.00667436933 0.993663311
0.993608475 0.0110905468 0.112335138 -0.0117699802 0.999916136 0.00538699515 -0.112265982 -0.00667474745 0.993655682
0.993600845 0.011090368 0.112402149 -0.0117701888 0.999916077 0.00538654812 -0.112332992 -0.00667507527 0.993648052
0.993593454 0.0110901296 0.112468176 -0.0117703676 0.999916136 0.00538619794 -0.112399019 -0.00667548133 0.993640542
0.993585944 0.0110898912 0.112534188 -0.0117705464 0.999916136 0.00538584404 -0.112465024 -0.00667588925 0.993633091
0.993578434 0.0110896528 0.112600021 -0.0117707551 0.999916196 0.00538543984 -0.112530857 -0.0066762357 0.9936257
0.993574381 0.011089474 0.112635784 -0.0117707551 0.999916077 0.00538511574 -0.112566628 -0.0066763158 0.993621588
0.993572474 0.0110895336 0.112652458 -0.0117708445 0.999916077 0.00538506545 -0.112583309 -0.0066764704 0.9936198
0.993570626 0.0110893548 0.112669058 -0.0117708445 0.999916196 0.00538501702 -0.112599902 -0.00667660451 0.993617892
0.993568778 0.0110893846 0.112685673 -0.0117709637 0.999916196 0.00538484938 -0.112616517 -0.0066766399 0.993615985
0.99356854 0.011089474 0.112687998 -0.0117710233 0.999916196 0.00538484938 -0.112618841 -0.00667667529 0.993615746
0.993568718 0.011089325 0.112685844 -0.0117708743 0.999916136 0.00538491458 -0.112616695 -0.00667669764 0.993615925
0.993569016 0.0110893548 0.112683833 -0.0117709339 0.999916196 0.00538489968 -0.112614669 -0.00667665852 0.993616223
0.993569195 0.0110894144 0.112681799 -0.0117709041 0.999916136 0.00538487919 -0.112612642 -0.00667661754 0.993616462
0.993569732 0.0110894144 0.112677701 -0.0117709339 0.999916196 0.00538493879 -0.112608552 -0.00667663058 0.993616939
0.993570149 0.0110893846 0.112673536 -0.0117708743 0.999916136 0.00538497046 -0.112604372 -0.00667661382 0.993617356
0.993570626 0.0110893846 0.112669393 -0.0117708445 0.999916196 0.00538491644 -0.112600222 -0.00667650579 0.993617892
0.993571222 0.0110894442 0.1126647 -0.0117708743 0.999916136 0.00538498722 -0.112595543 -0.00667653 0.993618369
0.993572116 0.0110893846 0.112655051 -0.0117707253 0.999916077 0.00538516417 -0.112585902 -0.00667658774 0.993619442
0.993573248 0.0110895336 0.112645373 -0.0117708147 0.999916077 0.00538511947 -0.112576224 -0.00667644059 0.993620515
0.993574381 0.011089474 0.112635553 -0.0117707253 0.999916077 0.00538524613 -0.112566397 -0.00667644059 0.993621647
0.993575573 0.0110895634 0.112625256 -0.0117707551 0.999916017 0.00538530573 -0.1125561 -0.00667639403 0.99362278
0.993577003 0.0110896528 0.112612754 -0.0117707253 0.999916136 0.0053853076 -0.112543598 -0.00667625619 0.99362421
0.993578374 0.0110896826 0.11260023 -0.0117707551 0.999916196 0.00538539886 -0.112531066 -0.00667620404 0.993625641
0.993579865 0.011089772 0.112587683 -0.0117706954 0.999916136 0.00538549013 -0.112518534 -0.00667615561 0.993627071
0.993581355 0.0110898018 0.112574503 -0.0117706954 0.999916196 0.00538548641 -0.112505354 -0.00667600101 0.993628561
0.993583024 0.0110898018 0.112559833 -0.011770606 0.999916196 0.00538563728 -0.112490676 -0.00667597866 0.99363023
0.993584692 0.0110898316 0.112545274 -0.0117705464 0.999916196 0.00538571738 -0.112476118 -0.0066758818 0.993631899
0.993586302 0.0110898614 0.112530708 -0.0117704272 0.999916136 0.00538579747 -0.112461552 -0.00667579425 0.993633509
0.993587852 0.011089921 0.112516522 -0.011770457 0.999916136 0.00538588688 -0.112447366 -0.00667572347 0.993635118
0.993589461 0.01109007 0.11250253 -0.0117705166 0.999916077 0.00538602844 -0.112433374 -0.00667571044 0.993636668
0.99359107 0.01109007 0.112488762 -0.011770457 0.999916196 0.0053860452 -0.112419605 -0.00667556887 0.993638277
0.99359268 0.01109007 0.112474769 -0.0117703974 0.999916196 0.00538619794 -0.112405606 -0.0066755577 0.993639886
0.99359417 0.0110901594 0.11246185 -0.0117703676 0.999916136 0.00538627245 -0.112392686 -0.00667548506 0.993641317
0.993595481 0.0110902488 0.112449341 -0.0117703378 0.999916136 0.00538627431 -0.112380184 -0.00667534722 0.993642747
0.993596911 0.0110903084 0.112436913 -0.0117703378 0.999916077 0.00538630038 -0.112367764 -0.00667523546 0.993644118
0.993598282 0.0110902488 0.112424366 -0.0117702186 0.999916136 0.00538649596 -0.11235521 -0.00667527271 0.993645549
0.993599296 0.0110903084 0.112415329 -0.0117702186 0.999916077 0.00538654812 -0.11234618 -0.00667522429 0.993646562
0.993600368 0.0110902786 0.112407066 -0.0117701292 0.999916077 0.00538664125 -0.112337917 -0.00667522242 0.993647516
0.993601203 0.0110902786 0.112398744 -0.0117700994 0.999916077 0.0053866189 -0.112329587 -0.00667509763 0.99364841
0.993602157 0.0110904574 0.112390377 -0.0117701888 0.999916077 0.0053866636 -0.112321228 -0.00667506037 0.993649364
0.993603051 0.0110904276 0.112382814 -0.0117700994 0.999916077 0.00538667105 -0.112313665 -0.00667498214 0.993650258
0.993603885 0.0110905468 0.112375148 -0.0117702186 0.999916077 0.00538673624 -0.112305999 -0.00667496165 0.993651092
0.993604779 0.0110904276 0.112367474 -0.0117700696 0.999916196 0.00538681634 -0.112298325 -0.00667494303 0.993651986
0.993605554 0.0110904574 0.112359993 -0.0117699802 0.999916196 0.005386848 -0.112290837 -0.00667488156 0.993652821
0.993606329 0.0110906065 0.112353019 -0.011770159 0.999916196 0.00538681448 -0.112283863 -0.00667478843 0.993653595
0.993607163 0.0110905468 0.11234612 -0.0117700994 0.999916136 0.0053869281 -0.112276956 -0.00667481078 0.99365437
0.993607998 0.0110905468 0.112339206 -0.01177001 0.999916136 0.00538702495 -0.11227005 -0.00667483127 0.993655205
0.993608832 0.0110906661 0.112331934 -0.0117700696 0.999916136 0.00538701192 -0.112262778 -0.00667473814 0.993656039
0.993609667 0.0110906363 0.11232435 -0.01177001 0.999916077 0.00538711064 -0.112255186 -0.00667474559 0.993656874
0.993610561 0.0110906661 0.112316698 -0.0117699504 0.999916136 0.00538709573 -0.112247549 -0.00667463755 0.993657768
0.993611455 0.0110907555 0.112309121 -0.01177001 0.999916136 0.00538708828 -0.112239972 -0.0066745556 0.993658602
0.993612349 0.0110908449 0.112300791 -0.0117700398 0.999916196 0.00538714975 -0.112231627 -0.00667452207 0.993659556
0.993613303 0.0110907555 0.112291843 -0.0117699504 0.999916136 0.0053872373 -0.112222686 -0.00667450158 0.99366051
0.993614376 0.0110907257 0.112282708 -0.0117698312 0.999916136 0.00538727641 -0.112213559 -0.00667442521 0.993661582
0.993615329 0.0110908747 0.112273775 -0.0117699504 0.999916196 0.00538734719 -0.112204619 -0.00667441217 0.993662536
0.993616462 0.0110908151 0.112263866 -0.0117698312 0.999916136 0.00538744591 -0.112194709 -0.00667438051 0.993663728
0.993617654 0.0110909343 0.11225339 -0.0117699206 0.999916196 0.00538745895 -0.112184227 -0.00667428365 0.993664861
0.993618846 0.0110909641 0.112242997 -0.0117698312 0.999916136 0.00538750552 -0.112173848 -0.00667421287 0.993666053
0.993619978 0.0110909641 0.112232588 -0.0117698312 0.999916196 0.00538764335 -0.112163432 -0.00667422777 0.993667245
0.993621111 0.0110910237 0.112222686 -0.0117697716 0.999916136 0.00538764149 -0.112153538 -0.00667411229 0.993668377
0.993622184 0.0110910535 0.112212993 -0.0117697716 0.999916136 0.00538769551 -0.112143837 -0.00667405268 0.99366945
0.993623376 0.0110912323 0.1122033 -0.0117698014 0.999916136 0.00538774021 -0.112134136 -0.00667399867 0.993670523
0.993624449 0.0110911429 0.112193577 -0.011769712 0.999916196 0.00538779795 -0.112124421 -0.00667393347 0.993671656
0.993625522 0.0110911429 0.112183258 -0.0117696822 0.999916196 0.00538796186 -0.112114094 -0.00667397631 0.993672788
0.993626714 0.0110912025 0.112172782 -0.0117696226 0.999916136 0.00538798049 -0.112103619 -0.00667387201 0.99367398
0.993627906 0.0110912919 0.112162374 -0.0117696822 0.999916196 0.0053881146 -0.11209321 -0.00667389622 0.993675172
0.993629158 0.0110912323 0.11215198 -0.0117695034 0.999916196 0.00538817048 -0.112082824 -0.00667382171 0.993676364
0.993630409 0.0110913217 0.112140745 -0.0117695928 0.999916196 0.00538815185 -0.112071581 -0.00667368202 0.993677616
0.993631601 0.0110912621 0.112129681 -0.0117694139 0.999916136 0.00538820773 -0.112060525 -0.00667359261 0.993678868
0.993632853 0.0110913217 0.112118594 -0.0117694438 0.999916196 0.00538833067 -0.112049431 -0.0066735982 0.99368012
0.993634105 0.0110914111 0.112107329 -0.0117695034 0.999916196 0.00538840517 -0.112038165 -0.0066735479 0.993681371
0.993635416 0.0110914707 0.11209549 -0.0117695034 0.999916136 0.00538840517 -0.112026341 -0.00667342125 0.993682683
0.993636787 0.0110915005 0.112083755 -0.0117694139 0.999916196 0.00538844988 -0.112014607 -0.00667332252 0.993684053
0.993638098 0.0110914707 0.112071961 -0.0117693543 0.999916136 0.00538866781 -0.112002805 -0.00667339889 0.993685365
0.993639469 0.011089474 0.112060331 -0.011767298 0.999916136 0.0053888727 -0.111991182 -0.00667324057 0.993686676
0.99364084 0.0110838711 0.112049222 -0.0117616355 0.999916255 0.00538963638 -0.111980103 -0.00667324988 0.993687928
0.993642211 0.0110782683 0.112038121 -0.0117559731 0.999916375 0.0053903088 -0.111969031 -0.00667315675 0.993689239
0.993643463 0.0110727847 0.112027027 -0.0117504597 0.999916434 0.00539097562 -0.111957975 -0.00667307479 0.993690431
0.993644536 0.0110732317 0.112016641 -0.0117509067 0.999916434 0.00539096631 -0.111947589 -0.00667300029 0.993691564
0.993645608 0.0110788047 0.112006888 -0.0117563307 0.999916315 0.00539037772 -0.111937784 -0.00667291274 0.993692756
0.993646741 0.0110844672 0.111997172 -0.011761874 0.999916315 0.0053898897 -0.111928053 -0.00667294255 0.993693829
0.993647695 0.01109007 0.111987501 -0.011767447 0.999916196 0.00538931228 -0.111918353 -0.00667288667 0.993694901
0.993648529 0.0110783577 0.111981645 -0.0117557049 0.999916255 0.00539057329 -0.111912556 -0.00667276187 0.993695557
0.993649185 0.0110587478 0.111977413 -0.0117362738 0.999916494 0.00539290905 -0.111908436 -0.00667286059 0.993695974
0.9936499 0.0110392272 0.11197304 -0.011716783 0.999916673 0.00539510883 -0.111904167 -0.00667281216 0.993696511
0.993650556 0.0110196173 0.111968845 -0.0116972923 0.999916971 0.00539736263 -0.111900069 -0.00667282334 0.993696988
0.993649721 0.0111042261 0.111968152 -0.0117813647 0.999916017 0.00538783893 -0.111898929 -0.00667276373 0.993697107
0.993648589 0.0112077594 0.111967929 -0.0118842423 0.999914944 0.00537630543 -0.111898139 -0.00667281216 0.993697226
0.993647456 0.0113112926 0.111967705 -0.0119871199 0.999913692 0.00536468066 -0.111897364 -0.00667277118 0.993697286
0.993646204 0.0114147067 0.111967675 -0.0120898783 0.999912441 0.00535311922 -0.111896783 -0.00667278608 0.993697345
travstate 10
1.00000024 0 0 0 0.999999762 0 0 0 0.999999762
0.999999464 0.000900151033 0.000843214628 -0.000899284554 0.999998808 -0.00102737558 -0.000844138674 0.00102661655 0.999998868
0.999997199 0.00180118973 0.00168551714 -0.00179772382 0.999996066 -0.0020555174 -0.0016892131 0.00205248082 0.999996245
0.999993384 0.00270311348 0.00252699992 -0.00269531528 0.999991417 -0.00308432803 -0.00253531593 0.00307749561 0.999991834
0.999988079 0.00360591966 0.0033675693 -0.00359205576 0.99998486 -0.00411389861 -0.00338235358 0.0041017523 0.999985635
0.999981225 0.00450941827 0.00420713145 -0.00448775617 0.999976456 -0.0051442245 -0.00423023105 0.00512524648 0.999977708
0.999971986 0.00555039989 0.00506235519 -0.00552135101 0.999968052 -0.00573427649 -0.00509402249 0.00570616359 0.999970496
0.999959707 0.0067618452 0.00593819469 -0.00672756648 0.999960423 -0.00577375107 -0.0059770029 0.00573356776 0.999965429
0.999945223 0.00797350984 0.00681394804 -0.00793394167 0.999951422 -0.00581422448 -0.0068599782 0.00575984316 0.999959648
0.999928474 0.00918510649 0.00768970745 -0.00914019067 0.999940813 -0.00585588394 -0.00774304196 0.00578517839 0.999953032
0.99990952 0.0103968186 0.0085653821 -0.0103464974 0.999928832 -0.00589844678 -0.00862609968 0.0058092908 0.9999457
0.999888241 0.0116083603 0.00944096968 -0.0115525741 0.999915361 -0.00594219333 -0.0095091518 0.00583246117 0.999937534
0.999885917 0.0120245889 0.00916292146 -0.0119639523 0.999906123 -0.0066438932 -0.00924195349 0.00653350865 0.999935687
0.999885917 0.0123409946 0.00874037296 -0.012276208 0.999896884 -0.00742753595 -0.00883113593 0.00731938751 0.999934018
0.999885499 0.0126571199 0.00831770059 -0.0125888372 0.999886811 -0.00821110327 -0.00842068996 0.00810545124 0.999931455
0.999884963 0.0129728718 0.00789472274 -0.0129017448 0.999876142 -0.00899459701 -0.00801043212 0.00889170356 0.999928176
0.999884009 0.0132883387 0.00747143663 -0.013215024 0.999864638 -0.00977791846 -0.00760035962 0.00967804622 0.999924004
0.999883473 0.0136263715 0.00690992083 -0.0135515332 0.999849975 -0.0107639451 -0.00705555966 0.0106690489 0.999917924
0.999883652 0.0140094468 0.00607186975 -0.0139348703 0.999828756 -0.0121552013 -0.006241119 0.0120691732 0.999907434
0.999882996 0.0143913319 0.00523330504 -0.0143193239 0.99980545 -0.0135461846 -0.00542723574 0.0134696588 0.999894321
0.999881446 0.0147720277 0.00439422904 -0.0147048933 0.999780059 -0.0149367927 -0.00461391034 0.0148704015 0.999878526
0.999879122 0.0151516236 0.00355454627 -0.0150916697 0.999752522 -0.0163271092 -0.0038010499 0.0162714887 0.999860168
0.999875963 0.0155299315 0.00271435548 -0.0154794669 0.999722958 -0.0177170448 -0.00298874895 0.0176728275 0.999839127
0.999861598 0.0165572762 0.0017573447 -0.0165175926 0.999651074 -0.0205992442 -0.00209779944 0.0205673631 0.999786019
0.999842107 0.0177668966 0.000763526303 -0.0177435726 0.999556541 -0.0239067078 -0.00118793594 0.0238893796 0.999713659
0.999820173 0.0189735387 -0.000234262785 -0.0189728849 0.999449372 -0.0272128843 -0.000282191031 0.0272124298 0.999629378
0.999795914 0.0201767161 -0.00123619032 -0.0202050526 0.999329746 -0.0305173565 0.000619621831 0.0305360984 0.999533236
0.999769211 0.0213764459 -0.00224188273 -0.0214400757 0.999197602 -0.0338202715 0.00151712727 0.033860527 0.999425173
0.999739528 0.0226130839 -0.00316135632 -0.0227144565 0.999059975 -0.0369148403 0.00232362677 0.0369770229 0.999313176
0.999705374 0.0239882115 -0.00376866222 -0.024117874 0.998936713 -0.0392848924 0.00282228133 0.0393642038 0.999220669
0.999669015 0.0253618713 -0.00437921006 -0.0255224574 0.998805821 -0.0416537412 0.00331756426 0.0417517126 0.999122262
0.999630332 0.0267341435 -0.00499300705 -0.0269282833 0.998667359 -0.0440215357 0.00380947604 0.0441397056 0.999017835
0.999589503 0.028104566 -0.0056100334 -0.0283348914 0.998521328 -0.0463882722 0.00429801643 0.0465281792 0.998907506
0.999546349 0.0294737834 -0.00623031193 -0.0297429282 0.998367667 -0.048753731 0.00478318566 0.0489169136 0.998791158
0.999515057 0.0305901915 -0.00586634781 -0.0308373403 0.998366237 -0.0480971672 0.00438546343 0.048254732 0.998825192
0.99948895 0.0315790921 -0.0050076358 -0.0317760482 0.998438895 -0.0459302813 0.00354938279 0.0460659191 0.998931825
0.999461234 0.0325660408 -0.0041465885 -0.0327164978 0.998505831 -0.0437640212 0.00271517248 0.0438760892 0.999033034
0.999431849 0.0335512124 -0.00328340102 -0.0336588621 0.998567045 -0.0415983908 0.00188302016 0.0416852608 0.999128759
0.999400854 0.0345342234 -0.0024181488 -0.034602765 0.998622656 -0.0394333117 0.00105301978 0.0394933484 0.99921906
0.999368489 0.0355071351 -0.00154315901 -0.0355399698 0.998676121 -0.0371800475 0.000220959133 0.0372114033 0.999307156
0.999337018 0.0364096425 -0.000604638073 -0.0364090018 0.998750865 -0.0342158712 -0.000641905004 0.0342151932 0.999414086
0.999303937 0.0373094305 0.000336629688 -0.0372806974 0.998815835 -0.0312524028 -0.00150224078 0.0312180929 0.999511242
0.999269247 0.0382064208 0.00128075306 -0.0381549522 0.998871028 -0.0282893106 -0.00236014114 0.0282197651 0.999598682
0.999233007 0.0391004011 0.00222744141 -0.0390315838 0.998916686 -0.0253269803 -0.00321532437 0.0252206083 0.999676466
0.999195158 0.0399915688 0.00317697856 -0.0399107672 0.998952627 -0.0223651864 -0.00406807102 0.0222203862 0.999744594
0.999153912 0.0409923121 0.00339798816 -0.0409141444 0.998951256 -0.0205446631 -0.00423659803 0.0203882474 0.99978292
0.999109745 0.0420827046 0.00303488597 -0.0420152396 0.998923779 -0.0196364243 -0.00385797443 0.0194914266 0.999802351
0.999064267 0.0431733392 0.00267283036 -0.0431159101 0.998894274 -0.0187277272 -0.00347841438 0.0185949579 0.999820828
0.999017417 0.0442642048 0.00231181621 -0.0442161411 0.998862863 -0.0178186707 -0.00309791719 0.017698938 0.999838293
0.998969257 0.0453553163 0.00195184781 -0.0453159511 0.998829305 -0.016909156 -0.00271648355 0.0168032721 0.999854863
0.998919725 0.046446763 0.00159291446 -0.0464154184 0.99879384 -0.0159993768 -0.002334113 0.0159081537 0.999870479
0.998885572 0.0471945144 0.000872032309 -0.0471746139 0.998758912 -0.0159613006 -0.00162423623 0.0159023721 0.999872029
0.998850346 0.0479421504 0.000151183223 -0.0479336716 0.998723328 -0.0159226973 -0.000914358767 0.0158971399 0.999872983
0.998814046 0.0486897752 -0.000569545547 -0.0486926772 0.998687267 -0.0158836693 -0.000204574462 0.0158925615 0.999873459
0.998776615 0.0494373776 -0.00129033602 -0.0494516343 0.99865061 -0.0158441104 0.000505303557 0.0158885345 0.9998734
0.99873817 0.0501850508 -0.00201099738 -0.0502106287 0.998613358 -0.0158039387 0.00121508772 0.0158849675 0.999872863
0.998724282 0.0504275709 -0.00271974294 -0.0504651926 0.998593807 -0.0162252374 0.00189771946 0.0163417868 0.999864459
0.998741746 0.0500380062 -0.00341329561 -0.050089594 0.998595953 -0.017224092 0.00254664477 0.0173733849 0.999845624
0.998758554 0.0496478006 -0.00410616305 -0.0497147143 0.998596966 -0.0182231572 0.00319566298 0.0184046645 0.999825239
0.998774827 0.0492567718 -0.00479844818 -0.0493403673 0.998596787 -0.019222714 0.00384486676 0.019435918 0.999803483
0.998790562 0.048865106 -0.00549014565 -0.0489667431 0.998595476 -0.0202225763 0.00449425681 0.0204669479 0.999780238
0.998805583 0.0484728031 -0.00618143985 -0.0485938415 0.998592913 -0.0212227274 0.00514401821 0.0214977544 0.999755442
0.99884063 0.0476849973 -0.00663262513 -0.0478202514 0.998613477 -0.0219988581 0.00557441451 0.0222905204 0.999735713
0.998877347 0.046847485 -0.00705321738 -0.0469967946 0.998635769 -0.0227473788 0.00597793935 0.0230533164 0.999716103
0.998913229 0.046009589 -0.00747302547 -0.0461735763 0.998656809 -0.0234963857 0.00638193078 0.023815902 0.999695718
0.998948336 0.0451713279 -0.00789213181 -0.0453506149 0.998676658 -0.0242455918 0.00678648287 0.0245779995 0.999674678
0.99898243 0.0443327762 -0.00831045397 -0.0445279814 0.998695076 -0.0249952786 0.00719150249 0.0253398884 0.999652743
0.999016464 0.0435235053 -0.00849992596 -0.0437241942 0.998729169 -0.0250560232 0.00739859929 0.0254030265 0.999649704
0.999051094 0.0427730419 -0.00823370926 -0.0429577157 0.998794556 -0.023737777 0.00720844883 0.0240689479 0.999684036
0.999085128 0.0420222282 -0.00796856731 -0.042191498 0.998857737 -0.022419231 0.00701736147 0.0227349214 0.99971664
0.999118507 0.0412709713 -0.00770459883 -0.0414254442 0.998918533 -0.0211004727 0.00682543125 0.0214010328 0.999747396
0.99915123 0.0405194461 -0.00744170742 -0.0406597294 0.998976946 -0.0197814126 0.00663256459 0.0200671963 0.999776363
0.999183357 0.0397674777 -0.00717998808 -0.0398941785 0.999033093 -0.0184621494 0.00643885415 0.018733507 0.999803543
0.999215186 0.039046634 -0.00669735856 -0.0391546562 0.999091089 -0.016837284 0.00603383267 0.0170862991 0.99983561
0.99924624 0.0383340381 -0.00615168642 -0.0384233519 0.99914676 -0.0151248584 0.00556664309 0.015349824 0.999866426
0.999276578 0.0376205035 -0.00560646039 -0.037692856 0.999199092 -0.0134123275 0.00509739341 0.0136139458 0.999894083
0.999306142 0.0369059518 -0.00506176567 -0.0369630791 0.999247909 -0.0116996029 0.00462617492 0.011878578 0.999918461
0.999334931 0.0361904576 -0.00451750727 -0.0362341069 0.999293268 -0.00998659059 0.00415289588 0.0101436339 0.99993968
0.999361575 0.0355118886 -0.00397446612 -0.0355446003 0.999331772 -0.00848644413 0.00367044169 0.00862229615 0.999955833
0.999382854 0.0349650346 -0.00343396096 -0.0349907316 0.999357462 -0.00773228984 0.00316139567 0.00784767326 0.999963939
0.999403596 0.0344177485 -0.0028920935 -0.0344372243 0.999382257 -0.00697910739 0.00265010237 0.00707453908 0.999971211
0.999423742 0.033870019 -0.00234922208 -0.0338840745 0.999406159 -0.00622650888 0.00213693525 0.00630252017 0.999977648
0.999443293 0.0333218351 -0.00180507777 -0.0333312675 0.999429107 -0.00547487754 0.00162161468 0.00553199369 0.999983132
0.999462247 0.0327733122 -0.00125965604 -0.0327789225 0.99945122 -0.0047241156 0.00110414007 0.00476286467 0.999987841
0.999495327 0.0317634046 -0.00078179175 -0.0317664146 0.999486268 -0.00419683987 0.000648084329 0.00421955576 0.999990642
0.999534309 0.0305225123 -0.000337928475 -0.0305235721 0.99952668 -0.00378098013 0.000222363553 0.00378953293 0.999992609
0.999571443 0.0292815678 0.000105989166 -0.0292810462 0.999565303 -0.00336517789 -0.000204480835 0.00336063141 0.999994099
0.999606907 0.0280403942 0.000549870369 -0.0280386563 0.999602258 -0.00294943014 -0.00063235499 0.00293285237 0.999995291
0.999640584 0.0267989971 0.00099381106 -0.0267964061 0.999637425 -0.00253373804 -0.00106135267 0.0025061965 0.999996066
0.999670088 0.0256568566 0.00137830304 -0.0256538875 0.99966836 -0.00212973915 -0.00143248879 0.00209367741 0.999996543
0.999679029 0.0253112502 0.00128536683 -0.0253088921 0.999677777 -0.00181913655 -0.00133099756 0.00178602093 0.999997258
0.999687791 0.0249657091 0.00119249686 -0.0249638986 0.999686956 -0.00150860485 -0.00122978713 0.00147836423 0.999997914
0.999696493 0.0246200319 0.00109978928 -0.0246187113 0.999695957 -0.00119805336 -0.0011289512 0.00117061404 0.99999845
0.999705076 0.0242745075 0.00100715004 -0.0242736172 0.999704778 -0.000887478876 -0.00102839596 0.000862769724 0.999998868
0.99971348 0.023928944 0.000914579723 -0.0239284243 0.999713242 -0.000576881692 -0.00092812191 0.000554831815 0.999999166
0.999719083 0.0236986615 0.000786127057 -0.023698356 0.999718845 -0.000394933042 -0.000795265601 0.000376192067 0.999999404
0.999722481 0.0235605873 0.000628925161 -0.0235603936 0.999722123 -0.000315915386 -0.000636193727 0.000301009917 0.999999523
0.999725759 0.0234226305 0.000471701554 -0.0234225206 0.999725401 -0.000236941109 -0.00047712191 0.000225827636 0.999999642
0.999729037 0.0232845079 0.000314458302 -0.0232844576 0.99972862 -0.000157916613 -0.000318050064 0.000150551787 0.999999702
0.999732316 0.0231464095 0.000157193252 -0.0231463984 0.999731839 -7.89355036e-05 -0.000158978219 7.52759006e-05 0.999999762
0.999735534 0.0230084285 0 -0.0230084285 0.999735057 0 0 0 0.999999762
travstate 11
0.991960168 0.0339027643 -0.121924296 -0.0350608528 0.999357939 -0.00736485794 0.121596344 0.0115804197 0.992511928
0.991957843 0.0339028686 -0.121942878 -0.035061121 0.999357939 -0.00736450404 0.121614926 0.0115807327 0.992509663
0.991955698 0.0339029878 -0.121960528 -0.035061419 0.999357879 -0.0073641967 0.121632561 0.0115810661 0.992507458
0.991953611 0.0339030474 -0.121977657 -0.0350616276 0.999357939 -0.00736384466 0.12164969 0.0115813324 0.992505431
0.991951406 0.0339030325 -0.121994711 -0.0350617617 0.999357939 -0.00736352988 0.121666744 0.0115816155 0.992503345
0.991949439 0.033903107 -0.122011483 -0.0350620002 0.999357939 -0.00736318156 0.121683516 0.0115818726 0.992501259
0.991947353 0.0339030325 -0.122027852 -0.0350620449 0.999357939 -0.00736286305 0.121699885 0.0115821222 0.992499292
0.991945505 0.0339028388 -0.122043192 -0.0350620598 0.999357939 -0.00736265071 0.121715225 0.0115824351 0.992497385
0.991943777 0.0339025855 -0.122057348 -0.0350618809 0.999357998 -0.00736228563 0.121729381 0.0115825394 0.992495656
0.991942227 0.0339021087 -0.12206959 -0.0350615084 0.999357998 -0.00736208819 0.12174163 0.0115827145 0.992494166
0.991941035 0.033901304 -0.122079939 -0.035060823 0.999358058 -0.00736205466 0.121751994 0.0115829529 0.992492855
0.991940081 0.0339002311 -0.122088358 -0.0350598246 0.999358177 -0.00736200437 0.121760421 0.0115830684 0.992491841
0.991939247 0.033899039 -0.122094989 -0.0350584835 0.999358118 -0.00736034662 0.121767119 0.0115814889 0.992491007
0.991938591 0.0338974297 -0.122100592 -0.0350568295 0.999358237 -0.00735921785 0.121772774 0.0115803545 0.992490351
0.991937995 0.0338953435 -0.122106478 -0.0350547731 0.999358237 -0.00735920668 0.121778682 0.0115803005 0.992489636
0.991937876 0.03389512 -0.122107156 -0.0350545645 0.999358237 -0.00735924393 0.121779345 0.0115803359 0.992489576
0.991938353 0.0338967741 -0.122102469 -0.0350562185 0.999358118 -0.0073591657 0.121774666 0.0115802893 0.992490053
0.991938293 0.0338965654 -0.122103244 -0.035055995 0.999358237 -0.00735917315 0.121775426 0.0115802987 0.992489994
0.991938233 0.0338963419 -0.122103833 -0.0350557864 0.999358237 -0.00735923275 0.121776022 0.0115803545 0.992489934
0.991938114 0.0338960737 -0.122104593 -0.0350554883 0.999358237 -0.00735925324 0.121776789 0.0115803657 0.992489815
0.991938114 0.0338957459 -0.122105367 -0.0350551903 0.999358237 -0.00735927559 0.121777557 0.0115803732 0.992489755
0.991938055 0.0338955522 -0.122105919 -0.0350549966 0.999358237 -0.0073592402 0.121778108 0.0115803396 0.992489696
0.991937876 0.0338953286 -0.122106671 -0.0350547582 0.999358237 -0.00735926069 0.121778876 0.0115803564 0.992489576
0.991937876 0.0338950157 -0.122107334 -0.0350544602 0.999358237 -0.00735920668 0.121779539 0.0115802893 0.992489517
0.991938412 0.0338966697 -0.122102864 -0.0350561291 0.999358237 -0.0073591657 0.121775053 0.0115802949 0.992490053
0.991938353 0.0338964462 -0.122103445 -0.0350559056 0.999358177 -0.00735923275 0.121775635 0.0115803583 0.992489994
0.991938233 0.033896178 -0.12210419 -0.0350556076 0.999358177 -0.00735915825 0.12177638 0.011580267 0.992489874
0.991938114 0.0338959694 -0.122104764 -0.035055384 0.999358237 -0.00735921599 0.121776961 0.0115803266 0.992489815
0.991938114 0.033895731 -0.122105539 -0.0350551903 0.999358237 -0.00735922903 0.121777736 0.011580334 0.992489755
0.991938055 0.0338955224 -0.12210612 -0.0350549966 0.999358237 -0.00735928118 0.121778317 0.0115803825 0.992489696
0.991937876 0.0338951349 -0.122106887 -0.0350545645 0.999358237 -0.00735931657 0.121779077 0.0115803992 0.992489576
0.991938412 0.0338967592 -0.12210229 -0.0350562334 0.999358118 -0.00735921413 0.121774487 0.0115803322 0.992490113
0.991938293 0.0338965803 -0.122103073 -0.035055995 0.999358237 -0.00735921971 0.121775262 0.0115803378 0.992489994
0.991938233 0.0338963568 -0.122103646 -0.0350557864 0.999358237 -0.00735928304 0.121775828 0.0115803974 0.992489934
0.991938233 0.0338961631 -0.122104414 -0.0350556076 0.999358237 -0.0073592905 0.121776603 0.0115804141 0.992489874
0.991938114 0.0338958502 -0.122104973 -0.0350553095 0.999358237 -0.00735926814 0.121777169 0.0115803694 0.992489815
0.991938055 0.0338955522 -0.122105733 -0.0350549966 0.999358237 -0.00735928863 0.121777929 0.0115803806 0.992489696
0.991937995 0.0338953435 -0.122106299 -0.0350547731 0.999358237 -0.00735925697 0.121778496 0.0115803415 0.992489636
0.991937876 0.03389512 -0.122107066 -0.0350545645 0.999358237 -0.00735926814 0.12177927 0.0115803564 0.992489576
0.991938353 0.0338967741 -0.122102469 -0.0350562185 0.999358118 -0.0073591657 0.121774666 0.0115802893 0.992490053
0.991938293 0.0338965654 -0.122103244 -0.035055995 0.999358237 -0.00735917315 0.121775426 0.0115802987 0.992489994
0.991938233 0.0338963419 -0.122103833 -0.0350557864 0.999358237 -0.00735923275 0.121776022 0.0115803545 0.992489934
0.991938114 0.0338960737 -0.122104593 -0.0350554883 0.999358237 -0.00735925324 0.121776789 0.0115803657 0.992489815
0.991938114 0.0338958502 -0.122105189 -0.0350552946 0.999358237 -0.00735930912 0.121777378 0.0115804141 0.992489755
0.991938055 0.0338955522 -0.122105919 -0.0350549966 0.999358237 -0.0073592402 0.121778108 0.0115803396 0.992489696
0.991937995 0.0338953286 -0.12210656 -0.0350547731 0.999358237 -0.00735918246 0.121778764 0.01158028 0.992489636
0.991937816 0.0338951349 -0.122107245 -0.0350545496 0.999358237 -0.00735921785 0.121779442 0.0115803117 0.992489517
0.991938353 0.0338965803 -0.12210267 -0.0350560099 0.999358237 -0.00735922344 0.121774867 0.0115803378 0.992490053
0.991938353 0.0338963568 -0.122103348 -0.0350558162 0.999358237 -0.00735926814 0.121775545 0.0115803787 0.992489994
0.991938293 0.0338961631 -0.122104034 -0.0350556225 0.999358237 -0.00735929608 0.121776223 0.011580403 0.992489934
0.991938114 0.0338959694 -0.122104764 -0.035055384 0.999358237 -0.00735921599 0.121776961 0.0115803266 0.992489815
0.991938114 0.033895731 -0.122105442 -0.0350551903 0.999358237 -0.00735925324 0.121777631 0.0115803564 0.992489755
0.991938055 0.0338955224 -0.12210612 -0.0350549966 0.999358237 -0.00735928118 0.121778317 0.0115803825 0.992489696
0.991937935 0.0338952243 -0.12210688 -0.0350546688 0.999358237 -0.00735930167 0.121779077 0.0115803992 0.992489576
0.991938412 0.0338968635 -0.12210229 -0.0350563377 0.999358177 -0.00735920295 0.121774487 0.0115803322 0.992490113
0.991938353 0.0338965654 -0.122102886 -0.0350560099 0.999358237 -0.00735927001 0.121775076 0.0115803806 0.992490053
0.991938233 0.0338963568 -0.122103646 -0.0350557864 0.999358237 -0.00735928304 0.121775828 0.0115803974 0.992489934
0.991938233 0.0338961631 -0.122104235 -0.0350556076 0.999358237 -0.00735933892 0.121776424 0.0115804533 0.992489874
0.991938114 0.0338959545 -0.12210495 -0.035055384 0.999358237 -0.00735917129 0.121777147 0.0115802838 0.992489815
0.991938055 0.0338955671 -0.122105621 -0.0350549966 0.999358237 -0.00735922903 0.12177781 0.0115803136 0.992489696
0.991937995 0.0338953435 -0.122106299 -0.0350547731 0.999358237 -0.00735925697 0.121778496 0.0115803415 0.992489636
0.991937876 0.03389512 -0.122107066 -0.0350545645 0.999358237 -0.00735926814 0.12177927 0.0115803564 0.992489576
0.991938353 0.0338967741 -0.122102469 -0.0350562185 0.999358118 -0.0073591657 0.121774666 0.0115802893 0.992490053
0.991938293 0.0338965803 -0.122103155 -0.035055995 0.999358237 -0.00735919736 0.121775344 0.0115803191 0.992489994
0.991938233 0.0338963419 -0.122103833 -0.0350557864 0.999358237 -0.00735923275 0.121776022 0.0115803545 0.992489934
0.991938233 0.0338961482 -0.122104503 -0.0350556076 0.999358237 -0.00735926628 0.121776693 0.0115803918 0.992489874
0.991938114 0.0338958502 -0.122105189 -0.0350552946 0.999358237 -0.00735930912 0.121777378 0.0115804141 0.992489755
0.991938055 0.0338955522 -0.122105919 -0.0350549966 0.999358237 -0.0073592402 0.121778108 0.0115803396 0.992489696
0.991937995 0.0338953286 -0.122106507 -0.0350547731 0.999358237 -0.00735930353 0.121778704 0.0115804011 0.992489636
0.991937816 0.0338951349 -0.122107245 -0.0350545496 0.999358237 -0.00735921785 0.121779442 0.0115803117 0.992489517
0.991938353 0.0338967592 -0.12210267 -0.0350562185 0.999358118 -0.00735920481 0.121774867 0.0115803378 0.992490053
0.991938293 0.0338965505 -0.122103348 -0.035055995 0.999358237 -0.00735924393 0.121775545 0.0115803787 0.992489994
0.991938293 0.033896178 -0.122104011 -0.0350556225 0.999358237 -0.00735920668 0.121776201 0.0115803136 0.992489934
0.991938114 0.0338960588 -0.122104764 -0.0350554883 0.999358237 -0.00735920854 0.121776961 0.0115803266 0.992489815
0.991938114 0.0338957459 -0.122105367 -0.0350551903 0.999358237 -0.00735927559 0.121777557 0.0115803732 0.992489755
0.991938055 0.0338955224 -0.12210612 -0.0350549966 0.999358237 -0.00735928118 0.121778317 0.0115803825 0.992489696
0.991937876 0.0338953286 -0.122106798 -0.0350547582 0.999358237 -0.00735931844 0.121778987 0.0115804197 0.992489576
0.991938412 0.0338969678 -0.122102201 -0.0350564122 0.999358177 -0.00735921599 0.121774398 0.0115803527 0.992490113
0.991938353 0.0338965654 -0.122102886 -0.0350560099 0.999358237 -0.00735927001 0.121775076 0.0115803806 0.992490053
0.991938233 0.0338963717 -0.122103535 -0.0350557864 0.999358237 -0.00735921971 0.121775724 0.0115803322 0.992489934
0.991938233 0.0338961631 -0.122104235 -0.0350556076 0.999358237 -0.00735933892 0.121776424 0.0115804533 0.992489874
0.991938114 0.0338959694 -0.122104868 -0.035055384 0.999358237 -0.00735919364 0.121777065 0.0115803024 0.992489815
0.991938114 0.0338956416 -0.122105531 -0.0350551009 0.999358296 -0.0073592402 0.121777736 0.011580334 0.992489755
0.991937995 0.0338955373 -0.122106299 -0.0350549817 0.999358237 -0.00735923275 0.121778496 0.0115803415 0.992489636
0.991937876 0.03389512 -0.122106969 -0.0350545645 0.999358237 -0.00735929236 0.121779166 0.0115803787 0.992489576
0.991938412 0.0338967592 -0.122102372 -0.0350562334 0.999358118 -0.00735919178 0.121774577 0.0115803117 0.992490113
0.991938293 0.0338965803 -0.122103073 -0.035055995 0.999358237 -0.00735921971 0.121775262 0.0115803378 0.992489994
0.991938233 0.0338963419 -0.122103833 -0.0350557864 0.999358237 -0.00735923275 0.121776022 0.0115803545 0.992489934
0.991938233 0.0338961631 -0.122104414 -0.0350556076 0.999358237 -0.0073592905 0.121776603 0.0115804141 0.992489874
0.991938114 0.0338958502 -0.122105062 -0.0350553095 0.999358237 -0.00735924207 0.121777259 0.0115803489 0.992489815
0.991937995 0.0338956416 -0.12210574 -0.0350550711 0.999358296 -0.00735927559 0.121777929 0.0115803806 0.992489696
0.991937995 0.0338953286 -0.122106507 -0.0350547731 0.999358237 -0.00735930353 0.121778704 0.0115804011 0.992489636
0.991937876 0.03389512 -0.122107156 -0.0350545645 0.999358237 -0.00735924393 0.121779345 0.0115803359 0.992489576
0.991938353 0.0338967592 -0.12210267 -0.0350562185 0.999358118 -0.00735920481 0.121774867 0.0115803378 0.992490053
0.991938293 0.0338965505 -0.122103348 -0.035055995 0.999358237 -0.00735924393 0.121775545 0.0115803787 0.992489994
0.991938293 0.033896178 -0.122104011 -0.0350556225 0.999358237 -0.00735920668 0.121776201 0.0115803136 0.992489934
0.991938174 0.0338961631 -0.1221046 -0.0350555927 0.999358237 -0.0073592402 0.121776789 0.0115803657 0.992489815
0.991938114 0.0338957459 -0.122105367 -0.0350551903 0.999358237 -0.00735927559 0.121777557 0.0115803732 0.992489755
0.991938055 0.0338955522 -0.122106008 -0.0350549966 0.999358237 -0.00735921413 0.121778205 0.0115803173 0.992489696
0.991937876 0.0338953286 -0.122106671 -0.0350547582 0.999358237 -0.00735926069 0.121778876 0.0115803564 0.992489576
0.991960168 0.0339027643 -0.121924296 -0.0350608528 0.999357939 -0.00736485794 0.121596344 0.0115804197 0.992511928
