"isDisabled","ref","type","baseWeapon","baseMods","supportedAttachments","lootTags","startingLevel","tier","pingCommsAction","fakeAmmoIcon","icon","pickupModel","skinOverride","attachSound","pickupSound_1p","pickupSound_3p","carrySound","pickupString","desc","countPerDrop","inventorySlotCount","netInt","passive","endorsementRef","minPVPCurrency","maxPVPCurrency","scrapValue","droppodRotate","conditional","isDynamic","pretendsToBeBlank","floorSpawnCategory","restrictFromSling","hideFromDeathbox","hideFromBlackMarket","requestCommsAction","cosmeticSkinOverride","brandAsset","collabCharacter"
false,"blank","blank","","","","",0,0,"","","","",0,"","","","","","",1,1,"","","",0,0,0,false,false,false,false,"",false,false,false,"","","",""
false,"mp_weapon_sniper","main_weapon","","crate","","sniper",0,5,"PING_WEAPON_KRABER","rui/hud/gametype_icons/survival/sur_ammo_kraber","","",0,"","survival_loot_pickup_weapon_sniper","survival_loot_pickup_3p_weapon_sniper","","","",1,1,"","","",0,0,20,false,false,false,false,"CORE",false,false,false,"","","",""
false,"mp_weapon_mastiff","main_weapon","","dormant_hopup_executioner","sight mag grip hopup","shotgun",0,1,"PING_WEAPON_MASTIFF","","","",0,"","survival_loot_pickup_weapon_mastiff","survival_loot_pickup_3p_weapon_mastiff","","","",1,1,"","","",0,0,20,false,false,false,false,"CORE",false,false,false,"","","",""
false,"mp_weapon_mastiff_whiteset","main_weapon","mp_weapon_mastiff","optic_cq_hcog_classic shotgun_bolt_l1 stock_tactical_l1","sight mag grip","shotgun whiteset",0,1,"PING_WEAPON_MASTIFF","","","",0,"","survival_loot_pickup_weapon_mastiff","survival_loot_pickup_3p_weapon_mastiff","","","",1,1,"","","",0,0,20,false,false,false,false,"",false,false,false,"","","",""
false,"mp_weapon_mastiff_blueset","main_weapon","mp_weapon_mastiff","optic_cq_hcog_classic shotgun_bolt_l2 stock_tactical_l2","sight mag grip","shotgun blueset",0,2,"PING_WEAPON_MASTIFF","","","",0,"","survival_loot_pickup_weapon_mastiff","survival_loot_pickup_3p_weapon_mastiff","","","",1,1,"","","",0,0,20,false,false,false,false,"",false,false,false,"","","",""
false,"mp_weapon_mastiff_purpleset","main_weapon","mp_weapon_mastiff","optic_cq_hcog_classic shotgun_bolt_l3 stock_tactical_l3","sight mag grip","shotgun purpleset",0,3,"PING_WEAPON_MASTIFF","","","",0,"","survival_loot_pickup_weapon_mastiff","survival_loot_pickup_3p_weapon_mastiff","","","",1,1,"","","",0,0,20,false,false,false,false,"",false,false,false,"","","",""
false,"mp_weapon_mastiff_gold","main_weapon","mp_weapon_mastiff","optic_cq_hcog_classic shotgun_bolt_l3 stock_tactical_l3 hopup_executioner","sight mag grip hopup","shotgun gold",0,4,"PING_WEAPON_MASTIFF","","","",0,"","survival_loot_pickup_weapon_mastiff","survival_loot_pickup_3p_weapon_mastiff","","","",1,1,"","","",0,0,20,false,false,false,false,"",false,false,false,"","","",""
false,"mp_weapon_mastiff_crate","main_weapon","","crate optic_cq_hcog_classic shotgun_bolt_l3","sight","shotgun",0,5,"PING_WEAPON_MASTIFF","rui/hud/gametype_icons/survival/sur_ammo_mastiff","","",0,"","survival_loot_pickup_weapon_mastiff","survival_loot_pickup_3p_weapon_mastiff","","","",1,1,"","","",0,0,20,false,false,false,false,"CORE",false,false,false,"","","",""
false,"mp_weapon_lstar","main_weapon","","","sight grip mag","lmg",0,1,"PING_WEAPON_LSTAR","","","",0,"","survival_loot_pickup_weapon_lstar","survival_loot_pickup_3p_weapon_lstar","","","",1,1,"","","",0,0,20,false,false,false,false,"CORE",false,false,false,"","","",""
false,"mp_weapon_lstar_crate","main_weapon","","crate optic_cq_hcog_bruiser stock_tactical_l3 energy_mag_l3 hopup_lstar_crate","sight hopup","lmg",0,5,"PING_WEAPON_LSTAR","rui/hud/gametype_icons/survival/sur_ammo_lstar","","",0,"","survival_loot_pickup_weapon_lstar","survival_loot_pickup_3p_weapon_lstar","","","",1,1,"","","",0,0,20,false,false,false,false,"CORE",false,false,false,"","","",""
false,"mp_weapon_lstar_whiteset","main_weapon","mp_weapon_lstar","optic_cq_hcog_classic  stock_tactical_l1 energy_mag_l1","sight grip mag","lmg whiteset",0,1,"PING_WEAPON_LSTAR","","","",0,"","survival_loot_pickup_weapon_lstar","survival_loot_pickup_3p_weapon_lstar","","","",1,1,"","","",0,0,20,false,false,false,false,"",false,false,false,"","","",""
false,"mp_weapon_lstar_blueset","main_weapon","mp_weapon_lstar","optic_cq_hcog_bruiser stock_tactical_l2 energy_mag_l2","sight grip mag","lmg blueset",0,2,"PING_WEAPON_LSTAR","","","",0,"","survival_loot_pickup_weapon_lstar","survival_loot_pickup_3p_weapon_lstar","","","",1,1,"","","",0,0,20,false,false,false,false,"",false,false,false,"","","",""
false,"mp_weapon_lstar_purpleset","main_weapon","mp_weapon_lstar","optic_cq_hcog_bruiser stock_tactical_l3 energy_mag_l3","sight grip mag","lmg purpleset",0,3,"PING_WEAPON_LSTAR","","","",0,"","survival_loot_pickup_weapon_lstar","survival_loot_pickup_3p_weapon_lstar","","","",1,1,"","","",0,0,20,false,false,false,false,"",false,false,false,"","","",""
false,"mp_weapon_lstar_gold","main_weapon","mp_weapon_lstar","optic_cq_hcog_bruiser stock_tactical_l3 energy_mag_l3 hopup_ultimate_accelerator","sight grip mag hopup","lmg gold",0,4,"PING_WEAPON_LSTAR","","","",0,"","survival_loot_pickup_weapon_lstar","survival_loot_pickup_3p_weapon_lstar","","","",1,1,"","","",0,0,20,false,false,false,false,"",false,false,false,"","","",""
false,"mp_weapon_energy_ar","main_weapon","","dormant_hopup_turbocharger","sight mag grip hopup","assault",0,1,"PING_WEAPON_ENERGY_AR","","","",0,"","survival_loot_pickup_weapon_lstar","survival_loot_pickup_3p_weapon_lstar","","","",1,1,"","","",0,0,20,false,false,false,false,"CORE",false,false,false,"","","",""
false,"mp_weapon_energy_ar_whiteset","main_weapon","mp_weapon_energy_ar","optic_cq_hcog_classic energy_mag_l1 stock_tactical_l1","sight mag grip","assault whiteset",0,1,"PING_WEAPON_ENERGY_AR","","","",0,"","survival_loot_pickup_weapon_lstar","survival_loot_pickup_3p_weapon_lstar","","","",1,1,"","","",0,0,20,false,false,false,false,"",false,false,false,"","","",""
false,"mp_weapon_energy_ar_blueset","main_weapon","mp_weapon_energy_ar","optic_cq_hcog_bruiser energy_mag_l2 stock_tactical_l2","sight mag grip","assault blueset",0,2,"PING_WEAPON_ENERGY_AR","","","",0,"","survival_loot_pickup_weapon_lstar","survival_loot_pickup_3p_weapon_lstar","","","",1,1,"","","",0,0,20,false,false,false,false,"",false,false,false,"","","",""
false,"mp_weapon_energy_ar_purpleset","main_weapon","mp_weapon_energy_ar","optic_cq_hcog_bruiser energy_mag_l3 stock_tactical_l3","sight mag grip","assault purpleset",0,3,"PING_WEAPON_ENERGY_AR","","","",0,"","survival_loot_pickup_weapon_lstar","survival_loot_pickup_3p_weapon_lstar","","","",1,1,"","","",0,0,20,false,false,false,false,"",false,false,false,"","","",""
false,"mp_weapon_energy_ar_gold","main_weapon","mp_weapon_energy_ar","optic_cq_hcog_bruiser energy_mag_l3 stock_tactical_l3 hopup_turbocharger","sight mag grip hopup","assault gold",0,4,"PING_WEAPON_ENERGY_AR","","","",0,"","survival_loot_pickup_weapon_lstar","survival_loot_pickup_3p_weapon_lstar","","","",1,1,"","","",0,0,20,false,false,false,false,"",false,false,false,"","","",""
false,"mp_weapon_energy_ar_crate","main_weapon","","crate hopup_selectfire optic_ranged_aog_variable stock_tactical_l3 energy_mag_l3 stock_tactical_l3","sight hopup","assault",0,5,"PING_WEAPON_ENERGY_AR","rui/hud/gametype_icons/survival/sur_ammo_lstar","","",0,"","survival_loot_pickup_weapon_lstar","survival_loot_pickup_3p_weapon_lstar","","","",1,1,"","","",0,0,20,false,false,false,false,"CORE",false,false,false,"","","",""
false,"mp_weapon_esaw","main_weapon","","dormant_hopup_turbocharger","sight mag barrel grip hopup","lmg",0,1,"PING_WEAPON_DEVOTION","","","",0,"","survival_loot_pickup_weapon_esaw","survival_loot_pickup_3p_weapon_esaw","","","",1,1,"","","",0,0,20,false,false,false,false,"CORE",false,false,false,"","","",""
false,"mp_weapon_esaw_crate","main_weapon","","crate hopup_turbocharger hopup_gunshield optic_cq_hcog_bruiser energy_mag_l3 barrel_stabilizer_l3 stock_tactical_l3","sight hopupMulti_a hopupMulti_b","lmg",0,5,"PING_WEAPON_DEVOTION","rui/hud/gametype_icons/survival/sur_ammo_lstar","","",0,"","survival_loot_pickup_weapon_esaw","survival_loot_pickup_3p_weapon_esaw","","","",1,1,"","","",0,0,20,false,false,false,false,"CORE",false,false,false,"","","",""
false,"mp_weapon_esaw_whiteset","main_weapon","mp_weapon_esaw","optic_cq_hcog_classic energy_mag_l1 barrel_stabilizer_l1 stock_tactical_l1","sight mag barrel grip","lmg whiteset",0,1,"PING_WEAPON_DEVOTION","","","",0,"","survival_loot_pickup_weapon_esaw","survival_loot_pickup_3p_weapon_esaw","","","",1,1,"","","",0,0,20,false,false,false,false,"",false,false,false,"","","",""
false,"mp_weapon_esaw_blueset","main_weapon","mp_weapon_esaw","optic_cq_hcog_bruiser energy_mag_l2 barrel_stabilizer_l2 stock_tactical_l2","sight mag barrel grip","lmg blueset",0,2,"PING_WEAPON_DEVOTION","","","",0,"","survival_loot_pickup_weapon_esaw","survival_loot_pickup_3p_weapon_esaw","","","",1,1,"","","",0,0,20,false,false,false,false,"",false,false,false,"","","",""
false,"mp_weapon_esaw_purpleset","main_weapon","mp_weapon_esaw","optic_cq_hcog_bruiser energy_mag_l3 barrel_stabilizer_l3 stock_tactical_l3","sight mag barrel grip","lmg purpleset",0,3,"PING_WEAPON_DEVOTION","","","",0,"","survival_loot_pickup_weapon_esaw","survival_loot_pickup_3p_weapon_esaw","","","",1,1,"","","",0,0,20,false,false,false,false,"",false,false,false,"","","",""
false,"mp_weapon_esaw_gold","main_weapon","mp_weapon_esaw","optic_cq_hcog_bruiser energy_mag_l3 barrel_stabilizer_l3 stock_tactical_l3 hopup_turbocharger","sight mag barrel grip hopup","lmg gold",0,4,"PING_WEAPON_DEVOTION","","","",0,"","survival_loot_pickup_weapon_esaw","survival_loot_pickup_3p_weapon_esaw","","","",1,1,"","","",0,0,20,false,false,false,false,"",false,false,false,"","","",""
false,"mp_weapon_doubletake","main_weapon","","hopup_energy_choke choke","sight mag grip","marksman",0,1,"PING_WEAPON_TRIPLETAKE","","","",0,"","survival_loot_pickup_weapon_doubletake","survival_loot_pickup_3p_weapon_doubletake","","","",1,1,"","","",0,0,20,false,false,false,false,"CORE",false,false,false,"","","",""
false,"mp_weapon_doubletake_crate","main_weapon","","crate hopup_gunshield hopup_energy_choke choke optic_ranged_aog_variable energy_mag_l3 stock_sniper_l3","sight hopup","marksman",0,5,"PING_WEAPON_TRIPLETAKE","rui/hud/gametype_icons/survival/sur_ammo_lstar","","",0,"","survival_loot_pickup_weapon_doubletake","survival_loot_pickup_3p_weapon_doubletake","","","",1,1,"","","",0,0,20,false,false,false,false,"CORE",false,false,false,"","","",""
false,"mp_weapon_doubletake_whiteset","main_weapon","mp_weapon_doubletake","hopup_energy_choke choke optic_cq_hcog_classic energy_mag_l1 stock_sniper_l1","sight mag grip","marksman whiteset",0,1,"PING_WEAPON_TRIPLETAKE","","","",0,"","survival_loot_pickup_weapon_doubletake","survival_loot_pickup_3p_weapon_doubletake","","","",1,1,"","","",0,0,20,false,false,false,false,"",false,false,false,"","","",""
false,"mp_weapon_doubletake_blueset","main_weapon","mp_weapon_doubletake","hopup_energy_choke choke optic_ranged_aog_variable energy_mag_l2 stock_sniper_l2","sight mag grip","marksman blueset",0,2,"PING_WEAPON_TRIPLETAKE","","","",0,"","survival_loot_pickup_weapon_doubletake","survival_loot_pickup_3p_weapon_doubletake","","","",1,1,"","","",0,0,20,false,false,false,false,"",false,false,false,"","","",""
false,"mp_weapon_doubletake_purpleset","main_weapon","mp_weapon_doubletake","hopup_energy_choke choke optic_ranged_aog_variable energy_mag_l3 stock_sniper_l3","sight mag grip","marksman purpleset",0,3,"PING_WEAPON_TRIPLETAKE","","","",0,"","survival_loot_pickup_weapon_doubletake","survival_loot_pickup_3p_weapon_doubletake","","","",1,1,"","","",0,0,20,false,false,false,false,"",false,false,false,"","","",""
false,"mp_weapon_doubletake_gold","main_weapon","mp_weapon_doubletake","hopup_energy_choke hopup_ultimate_accelerator choke optic_ranged_aog_variable energy_mag_l3 stock_sniper_l3","sight mag grip hopup","marksman gold",0,4,"PING_WEAPON_TRIPLETAKE","","","",0,"","survival_loot_pickup_weapon_doubletake","survival_loot_pickup_3p_weapon_doubletake","","","",1,1,"","","",0,0,20,false,false,false,false,"",false,false,false,"","","",""
false,"mp_weapon_vinson","main_weapon","","","sight mag grip","assault",0,1,"PING_WEAPON_FLATLINE","","","",0,"","survival_loot_pickup_weapon_vinson","survival_loot_pickup_3p_weapon_vinson","","","",1,1,"","","",0,0,20,false,false,false,false,"CORE",false,false,false,"","","",""
false,"mp_weapon_vinson_crate","main_weapon","","crate optic_cq_hcog_bruiser highcal_mag_l3 stock_tactical_l3","sight mag grip","assault",0,5,"PING_WEAPON_FLATLINE","rui/hud/gametype_icons/survival/sur_ammo_heavy","","",0,"","survival_loot_pickup_weapon_vinson","survival_loot_pickup_3p_weapon_vinson","","","",1,1,"","","",0,0,20,false,false,false,false,"EVENT",false,false,false,"","","",""
false,"mp_weapon_vinson_whiteset","main_weapon","mp_weapon_vinson","optic_cq_hcog_classic highcal_mag_l1 stock_tactical_l1","sight mag grip","assault whiteset",0,1,"PING_WEAPON_FLATLINE","","","",0,"","survival_loot_pickup_weapon_vinson","survival_loot_pickup_3p_weapon_vinson","","","",1,1,"","","",0,0,20,false,false,false,false,"",false,false,false,"","","",""
false,"mp_weapon_vinson_blueset","main_weapon","mp_weapon_vinson","optic_cq_hcog_bruiser highcal_mag_l2 stock_tactical_l2","sight mag grip","assault blueset",0,2,"PING_WEAPON_FLATLINE","","","",0,"","survival_loot_pickup_weapon_vinson","survival_loot_pickup_3p_weapon_vinson","","","",1,1,"","","",0,0,20,false,false,false,false,"",false,false,false,"","","",""
false,"mp_weapon_vinson_purpleset","main_weapon","mp_weapon_vinson","optic_cq_hcog_bruiser highcal_mag_l3 stock_tactical_l3","sight mag grip","assault purpleset",0,3,"PING_WEAPON_FLATLINE","","","",0,"","survival_loot_pickup_weapon_vinson","survival_loot_pickup_3p_weapon_vinson","","","",1,1,"","","",0,0,20,false,false,false,false,"",false,false,false,"","","",""
false,"mp_weapon_vinson_gold","main_weapon","mp_weapon_vinson","optic_cq_hcog_bruiser highcal_mag_l3 stock_tactical_l3","sight mag grip","assault gold",0,4,"PING_WEAPON_FLATLINE","","","",0,"","survival_loot_pickup_weapon_vinson","survival_loot_pickup_3p_weapon_vinson","","","",1,1,"","","",0,0,20,false,false,false,false,"",false,false,false,"","","",""
false,"mp_weapon_hemlok","main_weapon","","","sight mag barrel grip","assault",0,1,"PING_WEAPON_HEMLOK","","","",0,"","survival_loot_pickup_weapon_hemlok","survival_loot_pickup_3p_weapon_hemlok","","","",1,1,"","","",0,0,20,false,false,false,false,"CORE",false,false,false,"","","",""
false,"mp_weapon_hemlok_crate","main_weapon","","crate optic_cq_hcog_bruiser highcal_mag_l3 stock_tactical_l3 hopup_smart_reload hopup_gunshield barrel_stabilizer_l3","sight hopupMulti_a hopupMulti_b","assault",0,5,"PING_WEAPON_HEMLOK","rui/hud/gametype_icons/survival/sur_ammo_heavy","","",0,"","survival_loot_pickup_weapon_hemlok","survival_loot_pickup_3p_weapon_hemlok","","","",1,1,"","","",0,0,20,false,false,false,false,"CORE",false,false,false,"","","",""
false,"mp_weapon_hemlok_whiteset","main_weapon","mp_weapon_hemlok","optic_cq_hcog_classic highcal_mag_l1 barrel_stabilizer_l1 stock_tactical_l1","sight mag barrel grip","assault whiteset",0,1,"PING_WEAPON_HEMLOK","","","",0,"","survival_loot_pickup_weapon_hemlok","survival_loot_pickup_3p_weapon_hemlok","","","",1,1,"","","",0,0,20,false,false,false,false,"",false,false,false,"","","",""
false,"mp_weapon_hemlok_blueset","main_weapon","mp_weapon_hemlok","optic_cq_hcog_bruiser highcal_mag_l2 barrel_stabilizer_l2 stock_tactical_l2","sight mag barrel grip","assault blueset",0,2,"PING_WEAPON_HEMLOK","","","",0,"","survival_loot_pickup_weapon_hemlok","survival_loot_pickup_3p_weapon_hemlok","","","",1,1,"","","",0,0,20,false,false,false,false,"",false,false,false,"","","",""
false,"mp_weapon_hemlok_purpleset","main_weapon","mp_weapon_hemlok","optic_cq_hcog_bruiser highcal_mag_l3 barrel_stabilizer_l3 stock_tactical_l3","sight mag barrel grip","assault purpleset",0,3,"PING_WEAPON_HEMLOK","","","",0,"","survival_loot_pickup_weapon_hemlok","survival_loot_pickup_3p_weapon_hemlok","","","",1,1,"","","",0,0,20,false,false,false,false,"",false,false,false,"","","",""
false,"mp_weapon_hemlok_gold","main_weapon","mp_weapon_hemlok","optic_cq_hcog_bruiser highcal_mag_l3 barrel_stabilizer_l3 stock_tactical_l3 hopup_ultimate_accelerator","sight mag barrel grip hopup","assault gold",0,4,"PING_WEAPON_HEMLOK","","","",0,"","survival_loot_pickup_weapon_hemlok","survival_loot_pickup_3p_weapon_hemlok","","","",1,1,"","","",0,0,20,false,false,false,false,"",false,false,false,"","","",""
false,"mp_weapon_auto_hemlok","main_weapon","","barrel_hemlok_elite hopup_brand_weapon_takeover","sight mag barrel grip hopup","assault",0,1,"PING_WEAPON_HEMLOK","","","",0,"","survival_loot_pickup_weapon_hemlok","survival_loot_pickup_3p_weapon_hemlok","","","",1,1,"","","",0,0,20,false,false,false,false,"CORE",false,false,false,"","","",""
false,"mp_weapon_auto_hemlok_crate","main_weapon","","crate barrel_hemlok_elite optic_cq_hcog_bruiser highcal_mag_l3 stock_tactical_l3 hopup_gunshield","sight barrel hopupMulti_a","assault",0,5,"PING_WEAPON_HEMLOK","rui/hud/gametype_icons/survival/sur_ammo_heavy","","",0,"","survival_loot_pickup_weapon_hemlok","survival_loot_pickup_3p_weapon_hemlok","","","",1,1,"","","",0,0,20,false,false,false,false,"EVENT",false,false,false,"","","",""
false,"mp_weapon_auto_hemlok_whiteset","main_weapon","mp_weapon_auto_hemlok","optic_cq_hcog_classic highcal_mag_l1 stock_tactical_l1 barrel_hemlok_elite hopup_brand_weapon_takeover","sight mag barrel grip hopup","assault whiteset",0,1,"PING_WEAPON_HEMLOK","","","",0,"","survival_loot_pickup_weapon_hemlok","survival_loot_pickup_3p_weapon_hemlok","","","",1,1,"","","",0,0,20,false,false,false,false,"",false,false,false,"","","",""
false,"mp_weapon_auto_hemlok_blueset","main_weapon","mp_weapon_auto_hemlok","optic_cq_hcog_bruiser highcal_mag_l2 stock_tactical_l2 barrel_hemlok_elite hopup_brand_weapon_takeover","sight mag barrel grip hopup","assault blueset",0,2,"PING_WEAPON_HEMLOK","","","",0,"","survival_loot_pickup_weapon_hemlok","survival_loot_pickup_3p_weapon_hemlok","","","",1,1,"","","",0,0,20,false,false,false,false,"",false,false,false,"","","",""
false,"mp_weapon_auto_hemlok_purpleset","main_weapon","mp_weapon_auto_hemlok","optic_cq_hcog_bruiser highcal_mag_l3 stock_tactical_l3 barrel_hemlok_elite hopup_brand_weapon_takeover","sight mag barrel grip hopup","assault purpleset",0,3,"PING_WEAPON_HEMLOK","","","",0,"","survival_loot_pickup_weapon_hemlok","survival_loot_pickup_3p_weapon_hemlok","","","",1,1,"","","",0,0,20,false,false,false,false,"",false,false,false,"","","",""
false,"mp_weapon_auto_hemlok_gold","main_weapon","mp_weapon_auto_hemlok","optic_cq_hcog_bruiser highcal_mag_l3 stock_tactical_l3 barrel_hemlok_elite hopup_ultimate_accelerator hopup_brand_weapon_takeover","sight mag barrel grip hopupMulti_b","assault gold",0,4,"PING_WEAPON_HEMLOK","","","",0,"","survival_loot_pickup_weapon_hemlok","survival_loot_pickup_3p_weapon_hemlok","","","",1,1,"","","",0,0,20,false,false,false,false,"",false,false,false,"","","",""
false,"mp_weapon_g2","main_weapon","","","sight mag barrel grip","marksman",0,1,"PING_WEAPON_G7","","","",0,"","survival_loot_pickup_weapon_g2","survival_loot_pickup_3p_weapon_g2","","","",1,1,"","","",0,0,20,false,false,false,false,"CORE",false,false,false,"","","",""
false,"mp_weapon_g2_crate","main_weapon","","crate optic_ranged_hcog bullets_mag_l3 barrel_stabilizer_l3 stock_sniper_l3 hopup_double_tap altfire_double_tap","sight hopup","marksman",0,5,"PING_WEAPON_G7","rui/hud/gametype_icons/survival/sur_ammo_unique","","",0,"","survival_loot_pickup_weapon_g2","survival_loot_pickup_3p_weapon_g2","","","",1,1,"","","",0,0,20,false,false,false,false,"CORE",false,false,false,"","","",""
false,"mp_weapon_g2_whiteset","main_weapon","mp_weapon_g2","optic_cq_hcog_classic bullets_mag_l1 barrel_stabilizer_l1 stock_sniper_l1","sight mag barrel grip","marksman whiteset",0,1,"PING_WEAPON_G7","","","",0,"","survival_loot_pickup_weapon_g2","survival_loot_pickup_3p_weapon_g2","","","",1,1,"","","",0,0,20,false,false,false,false,"",false,false,false,"","","",""
false,"mp_weapon_g2_blueset","main_weapon","mp_weapon_g2","optic_cq_hcog_bruiser bullets_mag_l2 barrel_stabilizer_l2 stock_sniper_l2","sight mag barrel grip","marksman blueset",0,2,"PING_WEAPON_G7","","","",0,"","survival_loot_pickup_weapon_g2","survival_loot_pickup_3p_weapon_g2","","","",1,1,"","","",0,0,20,false,false,false,false,"",false,false,false,"","","",""
false,"mp_weapon_g2_purpleset","main_weapon","mp_weapon_g2","optic_ranged_aog_variable bullets_mag_l3 barrel_stabilizer_l3 stock_sniper_l3","sight mag barrel grip","marksman purpleset",0,3,"PING_WEAPON_G7","","","",0,"","survival_loot_pickup_weapon_g2","survival_loot_pickup_3p_weapon_g2","","","",1,1,"","","",0,0,20,false,false,false,false,"",false,false,false,"","","",""
false,"mp_weapon_g2_gold","main_weapon","mp_weapon_g2","optic_ranged_aog_variable bullets_mag_l3 barrel_stabilizer_l3 stock_sniper_l3 hopup_ultimate_accelerator","sight mag barrel grip hopup","marksman gold",0,4,"PING_WEAPON_G7","","","",0,"","survival_loot_pickup_weapon_g2","survival_loot_pickup_3p_weapon_g2","","","",1,1,"","","",0,0,20,false,false,false,false,"",false,false,false,"","","",""
false,"mp_weapon_alternator_smg","main_weapon","","dormant_hopup_double_tap","sight mag barrel grip hopup","smg",0,1,"PING_WEAPON_ALTERNATOR","","","",0,"","survival_loot_pickup_weapon_alternator_smg","survival_loot_pickup_3p_weapon_alternator_smg","","","",1,1,"","","",0,0,20,false,false,false,false,"CORE",false,false,false,"","","",""
false,"mp_weapon_alternator_smg_crate","main_weapon","","crate optic_cq_threat bullets_mag_l3 laser_sight_l3 stock_tactical_l3 hopup_shield_breaker hopup_double_tap","sight hopupMulti_a hopupMulti_b","smg",0,5,"PING_WEAPON_ALTERNATOR","rui/hud/gametype_icons/survival/sur_ammo_unique","","",0,"","survival_loot_pickup_weapon_alternator_smg","survival_loot_pickup_3p_weapon_alternator_smg","","","",1,1,"","","",0,0,20,false,false,false,false,"EVENT",false,false,false,"","","",""
false,"mp_weapon_alternator_smg_whiteset","main_weapon","mp_weapon_alternator_smg","optic_cq_hcog_classic bullets_mag_l1 laser_sight_l1 stock_tactical_l1","sight mag barrel grip","smg whiteset",0,1,"PING_WEAPON_ALTERNATOR","","","",0,"","survival_loot_pickup_weapon_alternator_smg","survival_loot_pickup_3p_weapon_alternator_smg","","","",1,1,"","","",0,0,20,false,false,false,false,"",false,false,false,"","","",""
false,"mp_weapon_alternator_smg_blueset","main_weapon","mp_weapon_alternator_smg","optic_cq_hcog_classic bullets_mag_l2 laser_sight_l2 stock_tactical_l2","sight mag barrel grip","smg blueset",0,2,"PING_WEAPON_ALTERNATOR","","","",0,"","survival_loot_pickup_weapon_alternator_smg","survival_loot_pickup_3p_weapon_alternator_smg","","","",1,1,"","","",0,0,20,false,false,false,false,"",false,false,false,"","","",""
false,"mp_weapon_alternator_smg_purpleset","main_weapon","mp_weapon_alternator_smg","optic_cq_hcog_classic bullets_mag_l3 laser_sight_l3 stock_tactical_l3","sight mag barrel grip","smg purpleset",0,3,"PING_WEAPON_ALTERNATOR","","","",0,"","survival_loot_pickup_weapon_alternator_smg","survival_loot_pickup_3p_weapon_alternator_smg","","","",1,1,"","","",0,0,20,false,false,false,false,"",false,false,false,"","","",""
false,"mp_weapon_alternator_smg_gold","main_weapon","mp_weapon_alternator_smg","optic_cq_hcog_classic bullets_mag_l3 laser_sight_l3 stock_tactical_l3 hopup_double_tap altfire_double_tap","sight mag barrel grip hopup","smg gold",0,4,"PING_WEAPON_ALTERNATOR","","","",0,"","survival_loot_pickup_weapon_alternator_smg","survival_loot_pickup_3p_weapon_alternator_smg","","","",1,1,"","","",0,0,20,false,false,false,false,"",false,false,false,"","","",""
false,"mp_weapon_r97","main_weapon","","","sight mag barrel grip","smg",0,1,"PING_WEAPON_R97","","","",0,"","survival_loot_pickup_weapon_r97","survival_loot_pickup_3p_weapon_r97","","","",1,1,"","","",0,0,20,false,false,false,false,"CORE",false,false,false,"","","",""
false,"mp_weapon_r97_whiteset","main_weapon","mp_weapon_r97","optic_cq_hcog_classic bullets_mag_l1 laser_sight_l1 stock_tactical_l1","sight mag barrel grip","smg whiteset",0,1,"PING_WEAPON_R97","","","",0,"","survival_loot_pickup_weapon_r97","survival_loot_pickup_3p_weapon_r97","","","",1,1,"","","",0,0,20,false,false,false,false,"",false,false,false,"","","",""
false,"mp_weapon_r97_blueset","main_weapon","mp_weapon_r97","optic_cq_hcog_classic bullets_mag_l2 laser_sight_l2 stock_tactical_l2","sight mag barrel grip","smg blueset",0,2,"PING_WEAPON_R97","","","",0,"","survival_loot_pickup_weapon_r97","survival_loot_pickup_3p_weapon_r97","","","",1,1,"","","",0,0,20,false,false,false,false,"",false,false,false,"","","",""
false,"mp_weapon_r97_purpleset","main_weapon","mp_weapon_r97","optic_cq_hcog_classic bullets_mag_l3 laser_sight_l3 stock_tactical_l3","sight mag barrel grip","smg purpleset",0,3,"PING_WEAPON_R97","","","",0,"","survival_loot_pickup_weapon_r97","survival_loot_pickup_3p_weapon_r97","","","",1,1,"","","",0,0,20,false,false,false,false,"",false,false,false,"","","",""
false,"mp_weapon_r97_gold","main_weapon","mp_weapon_r97","optic_cq_hcog_classic bullets_mag_l3 laser_sight_l3 stock_tactical_l3 hopup_ultimate_accelerator","sight mag barrel grip hopup","smg gold",0,4,"PING_WEAPON_R97","","","",0,"","survival_loot_pickup_weapon_r97","survival_loot_pickup_3p_weapon_r97","","","",1,1,"","","",0,0,20,false,false,false,false,"",false,false,false,"","","",""
false,"mp_weapon_r97_crate","main_weapon","","crate optic_cq_hcog_classic bullets_mag_l3 laser_sight_l3 stock_tactical_l3","sight","smg",0,5,"PING_WEAPON_R97","rui/hud/gametype_icons/survival/sur_ammo_unique","","",0,"","survival_loot_pickup_weapon_r97","survival_loot_pickup_3p_weapon_r97","","","",1,1,"","","",0,0,20,false,false,false,false,"CORE",false,false,false,"","","",""
false,"mp_weapon_pdw","main_weapon","","dormant_hopup_selectfire","sight mag barrel grip hopup","smg",0,1,"PING_WEAPON_PROWLER","","","",0,"","survival_loot_pickup_weapon_r97","survival_loot_pickup_3p_weapon_r97","","","",1,1,"","","",0,0,20,false,false,false,false,"CORE",false,false,false,"","","",""
false,"mp_weapon_pdw_crate","main_weapon","","crate optic_cq_hcog_classic highcal_mag_l3 laser_sight_l3 stock_tactical_l3 hopup_selectfire altfire_selectfire","sight hopup","smg",0,5,"PING_WEAPON_PROWLER","rui/hud/gametype_icons/survival/sur_ammo_heavy","","",0,"","survival_loot_pickup_weapon_r97","survival_loot_pickup_3p_weapon_r97","","","",1,1,"","","",0,0,20,false,false,false,false,"CORE",false,false,false,"","","",""
false,"mp_weapon_pdw_whiteset","main_weapon","mp_weapon_pdw","optic_cq_hcog_classic highcal_mag_l1 laser_sight_l1 stock_tactical_l1","sight mag barrel grip","smg whiteset",0,1,"PING_WEAPON_PROWLER","","","",0,"","survival_loot_pickup_weapon_r97","survival_loot_pickup_3p_weapon_r97","","","",1,1,"","","",0,0,20,false,false,false,false,"",false,false,false,"","","",""
false,"mp_weapon_pdw_blueset","main_weapon","mp_weapon_pdw","optic_cq_hcog_classic highcal_mag_l2 laser_sight_l2 stock_tactical_l2","sight mag barrel grip","smg blueset",0,2,"PING_WEAPON_PROWLER","","","",0,"","survival_loot_pickup_weapon_r97","survival_loot_pickup_3p_weapon_r97","","","",1,1,"","","",0,0,20,false,false,false,false,"",false,false,false,"","","",""
false,"mp_weapon_pdw_purpleset","main_weapon","mp_weapon_pdw","optic_cq_hcog_classic highcal_mag_l3 laser_sight_l3 stock_tactical_l3","sight mag barrel grip","smg purpleset",0,3,"PING_WEAPON_PROWLER","","","",0,"","survival_loot_pickup_weapon_r97","survival_loot_pickup_3p_weapon_r97","","","",1,1,"","","",0,0,20,false,false,false,false,"",false,false,false,"","","",""
false,"mp_weapon_pdw_gold","main_weapon","mp_weapon_pdw","optic_cq_hcog_classic highcal_mag_l3 laser_sight_l3 stock_tactical_l3 hopup_selectfire altfire_selectfire","sight mag barrel grip hopup","smg gold",0,4,"PING_WEAPON_PROWLER","","","",0,"","survival_loot_pickup_weapon_r97","survival_loot_pickup_3p_weapon_r97","","","",1,1,"","","",0,0,20,false,false,false,false,"",false,false,false,"","","",""
false,"mp_weapon_volt_smg","main_weapon","","","sight mag barrel grip","smg",0,1,"PING_WEAPON_VOLT_SMG","","","",0,"","survival_loot_pickup_weapon_alternator_smg","survival_loot_pickup_3p_weapon_alternator_smg","","","",1,1,"","","",0,0,20,false,false,false,false,"CORE",false,false,false,"","","",""
false,"mp_weapon_volt_smg_crate","main_weapon","","crate optic_cq_hcog_classic energy_mag_l3 stock_tactical_l3 laser_sight_l3","sight","smg",0,5,"PING_WEAPON_VOLT_SMG","rui/hud/gametype_icons/survival/sur_ammo_lstar","","",0,"","survival_loot_pickup_weapon_alternator_smg","survival_loot_pickup_3p_weapon_alternator_smg","","","",1,1,"","","",0,0,20,false,false,false,false,"EVENT",false,false,false,"","","",""
false,"mp_weapon_volt_smg_whiteset","main_weapon","mp_weapon_volt_smg","optic_cq_hcog_classic energy_mag_l1 stock_tactical_l1 laser_sight_l1","sight mag barrel grip","smg whiteset",0,1,"PING_WEAPON_VOLT_SMG","","","",0,"","survival_loot_pickup_weapon_alternator_smg","survival_loot_pickup_3p_weapon_alternator_smg","","","",1,1,"","","",0,0,20,false,false,false,false,"",false,false,false,"","","",""
false,"mp_weapon_volt_smg_blueset","main_weapon","mp_weapon_volt_smg","optic_cq_hcog_classic energy_mag_l2 stock_tactical_l2  laser_sight_l2","sight mag barrel grip","smg blueset",0,2,"PING_WEAPON_VOLT_SMG","","","",0,"","survival_loot_pickup_weapon_alternator_smg","survival_loot_pickup_3p_weapon_alternator_smg","","","",1,1,"","","",0,0,20,false,false,false,false,"",false,false,false,"","","",""
false,"mp_weapon_volt_smg_purpleset","main_weapon","mp_weapon_volt_smg","optic_cq_hcog_classic energy_mag_l3 stock_tactical_l3 laser_sight_l3","sight mag barrel grip","smg purpleset",0,3,"PING_WEAPON_VOLT_SMG","","","",0,"","survival_loot_pickup_weapon_alternator_smg","survival_loot_pickup_3p_weapon_alternator_smg","","","",1,1,"","","",0,0,20,false,false,false,false,"",false,false,false,"","","",""
false,"mp_weapon_volt_smg_gold","main_weapon","mp_weapon_volt_smg","optic_cq_hcog_classic energy_mag_l3 stock_tactical_l3 laser_sight_l3","sight mag barrel grip","smg gold",0,4,"PING_WEAPON_VOLT_SMG","","","",0,"","survival_loot_pickup_weapon_alternator_smg","survival_loot_pickup_3p_weapon_alternator_smg","","","",1,1,"","","",0,0,20,false,false,false,false,"",false,false,false,"","","",""
false,"mp_weapon_dmr","main_weapon","","","sight mag grip","sniper",0,1,"PING_WEAPON_DMR","","","",0,"","survival_loot_pickup_weapon_dmr","survival_loot_pickup_3p_weapon_dmr","","","",1,1,"","","",0,0,20,false,false,false,false,"CORE",false,false,false,"","","",""
false,"mp_weapon_dmr_crate","main_weapon","","crate optic_sniper_threat sniper_mag_l3 stock_sniper_l3 hopup_headshot_dmg","sight hopupMulti_a hopupMulti_b","sniper",0,5,"PING_WEAPON_DMR","rui/hud/gametype_icons/survival/sur_ammo_kraber","","",0,"","survival_loot_pickup_weapon_dmr","survival_loot_pickup_3p_weapon_dmr","","","",1,1,"","","",0,0,20,false,false,false,false,"EVENT",false,false,false,"","","",""
false,"mp_weapon_dmr_whiteset","main_weapon","mp_weapon_dmr","optic_cq_hcog_bruiser sniper_mag_l1 stock_sniper_l1","sight mag grip","sniper whiteset",0,1,"PING_WEAPON_DMR","","","",0,"","survival_loot_pickup_weapon_dmr","survival_loot_pickup_3p_weapon_dmr","","","",1,1,"","","",0,0,20,false,false,false,false,"",false,false,false,"","","",""
false,"mp_weapon_dmr_blueset","main_weapon","mp_weapon_dmr","optic_sniper sniper_mag_l2 stock_sniper_l2","sight mag grip","sniper blueset",0,2,"PING_WEAPON_DMR","","","",0,"","survival_loot_pickup_weapon_dmr","survival_loot_pickup_3p_weapon_dmr","","","",1,1,"","","",0,0,20,false,false,false,false,"",false,false,false,"","","",""
false,"mp_weapon_dmr_purpleset","main_weapon","mp_weapon_dmr","optic_ranged_aog_variable sniper_mag_l3 stock_sniper_l3","sight mag grip","sniper purpleset",0,3,"PING_WEAPON_DMR","","","",0,"","survival_loot_pickup_weapon_dmr","survival_loot_pickup_3p_weapon_dmr","","","",1,1,"","","",0,0,20,false,false,false,false,"",false,false,false,"","","",""
false,"mp_weapon_dmr_gold","main_weapon","mp_weapon_dmr","optic_sniper_threat sniper_mag_l3 stock_sniper_l3 hopup_ultimate_accelerator","sight mag grip hopup","sniper gold",0,4,"PING_WEAPON_DMR","","","",0,"","survival_loot_pickup_weapon_dmr","survival_loot_pickup_3p_weapon_dmr","","","",1,1,"","","",0,0,20,false,false,false,false,"",false,false,false,"","","",""
false,"mp_weapon_defender","main_weapon","","dormant_hopup_selectfire","sight mag grip hopup","sniper",0,1,"PING_WEAPON_DEFENDER","","","",0,"","survival_loot_pickup_weapon_dmr","survival_loot_pickup_3p_weapon_dmr","","","",1,1,"","","",0,0,20,false,false,false,false,"CORE",false,false,false,"","","",""
false,"mp_weapon_defender_crate","main_weapon","","crate optic_sniper_threat stock_sniper_l3 sniper_mag_l3 hopup_selectfire altfire_selectfire","sight hopup","sniper",0,5,"PING_WEAPON_DEFENDER","rui/hud/gametype_icons/survival/sur_ammo_kraber","","",0,"","survival_loot_pickup_weapon_dmr","survival_loot_pickup_3p_weapon_dmr","","","",1,1,"","","",0,0,20,false,false,false,false,"EVENT",false,false,false,"","","",""
false,"mp_weapon_defender_whiteset","main_weapon","mp_weapon_defender","optic_cq_hcog_bruiser stock_sniper_l1 sniper_mag_l1","sight mag grip","sniper whiteset",0,1,"PING_WEAPON_DEFENDER","","","",0,"","survival_loot_pickup_weapon_dmr","survival_loot_pickup_3p_weapon_dmr","","","",1,1,"","","",0,0,20,false,false,false,false,"",false,false,false,"","","",""
false,"mp_weapon_defender_blueset","main_weapon","mp_weapon_defender","optic_sniper stock_sniper_l2 sniper_mag_l2","sight mag grip","sniper blueset",0,2,"PING_WEAPON_DEFENDER","","","",0,"","survival_loot_pickup_weapon_dmr","survival_loot_pickup_3p_weapon_dmr","","","",1,1,"","","",0,0,20,false,false,false,false,"",false,false,false,"","","",""
false,"mp_weapon_defender_purpleset","main_weapon","mp_weapon_defender","optic_sniper_variable stock_sniper_l3 sniper_mag_l3","sight mag grip","sniper purpleset",0,3,"PING_WEAPON_DEFENDER","","","",0,"","survival_loot_pickup_weapon_dmr","survival_loot_pickup_3p_weapon_dmr","","","",1,1,"","","",0,0,20,false,false,false,false,"",false,false,false,"","","",""
false,"mp_weapon_defender_gold","main_weapon","mp_weapon_defender","optic_sniper_threat stock_sniper_l3 sniper_mag_l3 hopup_selectfire altfire_selectfire","sight mag grip hopup","sniper gold",0,4,"PING_WEAPON_DEFENDER","","","",0,"","survival_loot_pickup_weapon_dmr","survival_loot_pickup_3p_weapon_dmr","","","",1,1,"","","",0,0,20,false,false,false,false,"",false,false,false,"","","",""
false,"mp_weapon_lmg","main_weapon","","","sight grip mag barrel","lmg",0,1,"PING_WEAPON_SPITFIRE","","","",0,"","survival_loot_pickup_weapon_lmg","survival_loot_pickup_3p_weapon_lmg","","","",1,1,"","","",0,0,20,false,false,false,false,"CORE",false,false,false,"","","",""
false,"mp_weapon_lmg_crate","main_weapon","","crate optic_cq_hcog_bruiser bullets_mag_l3 stock_tactical_l3 barrel_stabilizer_l3 hopup_gunshield hopup_kinetic_loader","sight hopupMulti_a hopupMulti_b","lmg",0,5,"PING_WEAPON_SPITFIRE","rui/hud/gametype_icons/survival/sur_ammo_unique","","",0,"","survival_loot_pickup_weapon_lmg","survival_loot_pickup_3p_weapon_lmg","","","",1,1,"","","",0,0,20,false,false,false,false,"EVENT",false,false,false,"","","",""
false,"mp_weapon_lmg_whiteset","main_weapon","mp_weapon_lmg","optic_cq_hcog_classic  stock_tactical_l1 bullets_mag_l1 barrel_stabilizer_l1","sight grip mag barrel","lmg whiteset",0,1,"PING_WEAPON_SPITFIRE","","","",0,"","survival_loot_pickup_weapon_lmg","survival_loot_pickup_3p_weapon_lmg","","","",1,1,"","","",0,0,20,false,false,false,false,"",false,false,false,"","","",""
false,"mp_weapon_lmg_blueset","main_weapon","mp_weapon_lmg","optic_cq_hcog_bruiser stock_tactical_l2 bullets_mag_l2 barrel_stabilizer_l2","sight grip mag barrel","lmg blueset",0,2,"PING_WEAPON_SPITFIRE","","","",0,"","survival_loot_pickup_weapon_lmg","survival_loot_pickup_3p_weapon_lmg","","","",1,1,"","","",0,0,20,false,false,false,false,"",false,false,false,"","","",""
false,"mp_weapon_lmg_purpleset","main_weapon","mp_weapon_lmg","optic_cq_hcog_bruiser stock_tactical_l3 bullets_mag_l3 barrel_stabilizer_l3","sight grip mag barrel","lmg purpleset",0,3,"PING_WEAPON_SPITFIRE","","","",0,"","survival_loot_pickup_weapon_lmg","survival_loot_pickup_3p_weapon_lmg","","","",1,1,"","","",0,0,20,false,false,false,false,"",false,false,false,"","","",""
false,"mp_weapon_lmg_gold","main_weapon","mp_weapon_lmg","optic_cq_hcog_bruiser bullets_mag_l3 stock_tactical_l3 barrel_stabilizer_l3 hopup_ultimate_accelerator","sight grip mag barrel hopup","lmg gold",0,4,"PING_WEAPON_SPITFIRE","","","",0,"","survival_loot_pickup_weapon_lmg","survival_loot_pickup_3p_weapon_lmg","","","",1,1,"","","",0,0,20,false,false,false,false,"",false,false,false,"","","",""
false,"mp_weapon_rspn101","main_weapon","","","sight mag barrel grip","assault",0,1,"PING_WEAPON_R201","","","",0,"","survival_loot_pickup_weapon_rspn101","survival_loot_pickup_3p_weapon_rspn101","","","",1,1,"","","",0,0,20,false,false,false,false,"CORE",false,false,false,"","","",""
false,"mp_weapon_rspn101_crate","main_weapon","","crate optic_cq_hcog_bruiser bullets_mag_l3 barrel_stabilizer_l3 stock_tactical_l3 hopup_gunshield","sight hopup","assault",0,5,"PING_WEAPON_R201","rui/hud/gametype_icons/survival/sur_ammo_unique","","",0,"","survival_loot_pickup_weapon_rspn101","survival_loot_pickup_3p_weapon_rspn101","","","",1,1,"","","",0,0,20,false,false,false,false,"EVENT",false,false,false,"","","",""
false,"mp_weapon_rspn101_whiteset","main_weapon","mp_weapon_rspn101","optic_cq_hcog_classic bullets_mag_l1 barrel_stabilizer_l1 stock_tactical_l1","sight mag barrel grip","assault whiteset",0,1,"PING_WEAPON_R201","","","",0,"","survival_loot_pickup_weapon_rspn101","survival_loot_pickup_3p_weapon_rspn101","","","",1,1,"","","",0,0,20,false,false,false,false,"",false,false,false,"","","",""
false,"mp_weapon_rspn101_blueset","main_weapon","mp_weapon_rspn101","optic_cq_hcog_bruiser bullets_mag_l2 barrel_stabilizer_l2 stock_tactical_l2","sight mag barrel grip","assault blueset",0,2,"PING_WEAPON_R201","","","",0,"","survival_loot_pickup_weapon_rspn101","survival_loot_pickup_3p_weapon_rspn101","","","",1,1,"","","",0,0,20,false,false,false,false,"",false,false,false,"","","",""
false,"mp_weapon_rspn101_purpleset","main_weapon","mp_weapon_rspn101","optic_cq_hcog_bruiser bullets_mag_l3 barrel_stabilizer_l3 stock_tactical_l3","sight mag barrel grip","assault purpleset",0,3,"PING_WEAPON_R201","","","",0,"","survival_loot_pickup_weapon_rspn101","survival_loot_pickup_3p_weapon_rspn101","","","",1,1,"","","",0,0,20,false,false,false,false,"",false,false,false,"","","",""
false,"mp_weapon_rspn101_gold","main_weapon","mp_weapon_rspn101","optic_cq_hcog_bruiser bullets_mag_l3 barrel_stabilizer_l3 stock_tactical_l3 hopup_ultimate_accelerator","sight mag barrel grip hopup","assault gold",0,4,"PING_WEAPON_R201","","","",0,"","survival_loot_pickup_weapon_rspn101","survival_loot_pickup_3p_weapon_rspn101","","","",1,1,"","","",0,0,20,false,false,false,false,"",false,false,false,"","","",""
false,"mp_weapon_shotgun","main_weapon","","dormant_hopup_double_tap","sight mag grip hopup","shotgun",0,1,"PING_WEAPON_EVA","","","",0,"","survival_loot_pickup_weapon_shotgun","survival_loot_pickup_3p_weapon_shotgun","","","",1,1,"","","",0,0,20,false,false,false,false,"CORE",false,false,false,"","","",""
false,"mp_weapon_shotgun_crate","main_weapon","","crate optic_cq_hcog_classic shotgun_bolt_l3 stock_tactical_l3 hopup_unshielded_dmg","sight hopup","shotgun",0,5,"PING_WEAPON_EVA","rui/hud/gametype_icons/survival/sur_ammo_mastiff","","",0,"","survival_loot_pickup_weapon_shotgun","survival_loot_pickup_3p_weapon_shotgun","","","",1,1,"","","",0,0,20,false,false,false,false,"CORE",false,false,false,"","","",""
false,"mp_weapon_shotgun_whiteset","main_weapon","mp_weapon_shotgun","shotgun_bolt_l1 stock_tactical_l1 optic_cq_hcog_classic","sight mag grip","shotgun whiteset",0,1,"PING_WEAPON_EVA","","","",0,"","survival_loot_pickup_weapon_shotgun","survival_loot_pickup_3p_weapon_shotgun","","","",1,1,"","","",0,0,20,false,false,false,false,"",false,false,false,"","","",""
false,"mp_weapon_shotgun_blueset","main_weapon","mp_weapon_shotgun","shotgun_bolt_l2 optic_cq_hcog_classic stock_tactical_l2","sight mag grip","shotgun blueset",0,2,"PING_WEAPON_EVA","","","",0,"","survival_loot_pickup_weapon_shotgun","survival_loot_pickup_3p_weapon_shotgun","","","",1,1,"","","",0,0,20,false,false,false,false,"",false,false,false,"","","",""
false,"mp_weapon_shotgun_purpleset","main_weapon","mp_weapon_shotgun","shotgun_bolt_l3 optic_cq_hcog_classic stock_tactical_l3","sight mag grip","shotgun purpleset",0,3,"PING_WEAPON_EVA","","","",0,"","survival_loot_pickup_weapon_shotgun","survival_loot_pickup_3p_weapon_shotgun","","","",1,1,"","","",0,0,20,false,false,false,false,"",false,false,false,"","","",""
false,"mp_weapon_shotgun_gold","main_weapon","mp_weapon_shotgun","optic_cq_hcog_classic shotgun_bolt_l3 stock_tactical_l3 hopup_double_tap altfire_double_tap","sight mag grip hopup","shotgun gold",0,4,"PING_WEAPON_EVA","","","",0,"","survival_loot_pickup_weapon_shotgun","survival_loot_pickup_3p_weapon_shotgun","","","",1,1,"","","",0,0,20,false,false,false,false,"",false,false,false,"","","",""
false,mp_weapon_energy_shotgun,main_weapon,,hopup_energy_choke choke,sight mag grip hopup,shotgun,0,1,PING_WEAPON_PEACEKEEPER,,,,0,,survival_loot_pickup_weapon_shotgun,survival_loot_pickup_3p_weapon_shotgun,,,,1,1,,,,0,0,20,false,false,false,false,CORE,false,false,false,,,,
false,"mp_weapon_energy_shotgun_crate","main_weapon","","crate optic_cq_hcog_classic shotgun_bolt_l3 stock_tactical_l3 hopup_energy_choke choke","sight","shotgun",0,5,"PING_WEAPON_PEACEKEEPER","rui/hud/gametype_icons/survival/sur_ammo_mastiff","","",0,"","survival_loot_pickup_weapon_shotgun","survival_loot_pickup_3p_weapon_shotgun","","","",1,1,"","","",0,0,20,false,false,false,false,"CORE",false,false,false,"","","",""
false,"mp_weapon_energy_shotgun_whiteset","main_weapon","mp_weapon_energy_shotgun","hopup_energy_choke choke optic_cq_hcog_classic shotgun_bolt_l1 stock_tactical_l1","sight mag grip","shotgun whiteset",0,1,"PING_WEAPON_PEACEKEEPER","","","",0,"","survival_loot_pickup_weapon_shotgun","survival_loot_pickup_3p_weapon_shotgun","","","",1,1,"","","",0,0,20,false,false,false,false,"",false,false,false,"","","",""
false,"mp_weapon_energy_shotgun_blueset","main_weapon","mp_weapon_energy_shotgun","hopup_energy_choke choke optic_cq_hcog_classic shotgun_bolt_l2 stock_tactical_l2","sight mag grip","shotgun blueset",0,2,"PING_WEAPON_PEACEKEEPER","","","",0,"","survival_loot_pickup_weapon_shotgun","survival_loot_pickup_3p_weapon_shotgun","","","",1,1,"","","",0,0,20,false,false,false,false,"",false,false,false,"","","",""
false,"mp_weapon_energy_shotgun_purpleset","main_weapon","mp_weapon_energy_shotgun","hopup_energy_choke choke optic_cq_hcog_classic shotgun_bolt_l3 stock_tactical_l3","sight mag grip","shotgun purpleset",0,3,"PING_WEAPON_PEACEKEEPER","","","",0,"","survival_loot_pickup_weapon_shotgun","survival_loot_pickup_3p_weapon_shotgun","","","",1,1,"","","",0,0,20,false,false,false,false,"",false,false,false,"","","",""
false,mp_weapon_energy_shotgun_gold,main_weapon,mp_weapon_energy_shotgun,hopup_energy_choke choke optic_cq_hcog_classic shotgun_bolt_l3 stock_tactical_l3,sight mag grip hopup,shotgun gold,0,4,PING_WEAPON_PEACEKEEPER,,,,0,,survival_loot_pickup_weapon_shotgun,survival_loot_pickup_3p_weapon_shotgun,,,,1,1,,,,0,0,20,false,false,false,false,,false,false,false,,,,
false,"mp_weapon_shotgun_pistol","main_weapon","","","sight mag","shotgun",0,1,"PING_WEAPON_MOZAMBIQUE","","","",0,"","survival_loot_pickup_weapon_shotgun","survival_loot_pickup_3p_weapon_shotgun","","","",1,1,"","","",0,0,20,false,false,false,false,"CORE",false,false,false,"","","",""
false,"mp_weapon_shotgun_pistol_whiteset","main_weapon","mp_weapon_shotgun_pistol","optic_cq_hcog_classic shotgun_bolt_l1","sight mag","shotgun whiteset",0,1,"PING_WEAPON_MOZAMBIQUE","","","",0,"","survival_loot_pickup_weapon_shotgun","survival_loot_pickup_3p_weapon_shotgun","","","",1,1,"","","",0,0,20,false,false,false,false,"",false,false,false,"","","",""
false,"mp_weapon_shotgun_pistol_blueset","main_weapon","mp_weapon_shotgun_pistol","optic_cq_hcog_classic shotgun_bolt_l2","sight mag","shotgun blueset",0,2,"PING_WEAPON_MOZAMBIQUE","","","",0,"","survival_loot_pickup_weapon_shotgun","survival_loot_pickup_3p_weapon_shotgun","","","",1,1,"","","",0,0,20,false,false,false,false,"",false,false,false,"","","",""
false,"mp_weapon_shotgun_pistol_purpleset","main_weapon","mp_weapon_shotgun_pistol","optic_cq_hcog_classic shotgun_bolt_l3","sight mag","shotgun purpleset",0,3,"PING_WEAPON_MOZAMBIQUE","","","",0,"","survival_loot_pickup_weapon_shotgun","survival_loot_pickup_3p_weapon_shotgun","","","",1,1,"","","",0,0,20,false,false,false,false,"",false,false,false,"","","",""
false,"mp_weapon_shotgun_pistol_gold","main_weapon","mp_weapon_shotgun_pistol","optic_cq_hcog_classic shotgun_bolt_l3 hopup_ultimate_accelerator","sight mag hopup","shotgun gold",0,4,"PING_WEAPON_MOZAMBIQUE","","","",0,"","survival_loot_pickup_weapon_shotgun","survival_loot_pickup_3p_weapon_shotgun","","","",1,1,"","","",0,0,20,false,false,false,false,"",false,false,false,"","","",""
false,mp_weapon_shotgun_pistol_crate,main_weapon,,crate,sight hopup,shotgun,0,5,PING_WEAPON_MOZAMBIQUE,rui/hud/gametype_icons/survival/sur_ammo_mastiff,,,0,,survival_loot_pickup_weapon_shotgun,survival_loot_pickup_3p_weapon_shotgun,,,,1,1,,,,0,0,20,false,false,false,false,,false,false,false,,,,
// no dual-wield path on the S3 dedi: false,"mp_weapon_shotgun_pistol_crate_akimbo","main_weapon","mp_weapon_shotgun_pistol_crate","crate optic_cq_hcog_classic shotgun_bolt_l3 locked_akimbo hopup_paintball_elite","sight hopup","shotgun",0,5,"PING_WEAPON_MOZAMBIQUE","rui/hud/gametype_icons/survival/sur_ammo_mastiff","","mdl/weapons/pstl_sa3/w_mozambique_akimbo_loot.rmdl",0,"","survival_loot_pickup_weapon_shotgun","survival_loot_pickup_3p_weapon_shotgun","","","",1,1,"","","",0,0,20,false,false,false,false,"EVENT",false,false,false,"","","",""
false,"mp_weapon_shotgun_pistol_akimbo_whiteset","main_weapon","mp_weapon_shotgun_pistol","optic_cq_hcog_classic shotgun_bolt_l1 locked_akimbo","sight mag","shotgun whiteset",0,1,"PING_WEAPON_MOZAMBIQUE","","","",0,"","survival_loot_pickup_weapon_shotgun","survival_loot_pickup_3p_weapon_shotgun","","","",1,1,"","","",0,0,20,false,false,false,false,"",false,false,false,"","","",""
false,"mp_weapon_shotgun_pistol_akimbo_blueset","main_weapon","mp_weapon_shotgun_pistol","optic_cq_hcog_classic shotgun_bolt_l2 locked_akimbo","sight mag","shotgun blueset",0,2,"PING_WEAPON_MOZAMBIQUE","","","",0,"","survival_loot_pickup_weapon_shotgun","survival_loot_pickup_3p_weapon_shotgun","","","",1,1,"","","",0,0,20,false,false,false,false,"",false,false,false,"","","",""
false,"mp_weapon_shotgun_pistol_akimbo_purpleset","main_weapon","mp_weapon_shotgun_pistol","optic_cq_hcog_classic shotgun_bolt_l3 locked_akimbo","sight mag","shotgun purpleset",0,3,"PING_WEAPON_MOZAMBIQUE","","","",0,"","survival_loot_pickup_weapon_shotgun","survival_loot_pickup_3p_weapon_shotgun","","","",1,1,"","","",0,0,20,false,false,false,false,"",false,false,false,"","","",""
false,"mp_weapon_shotgun_pistol_akimbo_gold","main_weapon","mp_weapon_shotgun_pistol","optic_cq_hcog_classic shotgun_bolt_l3 locked_akimbo hopup_ultimate_accelerator","sight mag hopup","shotgun gold",0,4,"PING_WEAPON_MOZAMBIQUE","","","",0,"","survival_loot_pickup_weapon_shotgun","survival_loot_pickup_3p_weapon_shotgun","","","",1,1,"","","",0,0,20,false,false,false,false,"",false,false,false,"","","",""
false,"mp_weapon_shotgun_pistol_light","main_weapon","","hopup_april_fools_light","sight","shotgun event_weapon",0,4,"PING_WEAPON_MOZAMBIQUE","rui/hud/gametype_icons/survival/sur_ammo_bullet","","",0,"","survival_loot_pickup_weapon_shotgun","survival_loot_pickup_3p_weapon_shotgun","","","",1,1,"","","",0,0,20,false,false,false,false,"EVENT",false,false,false,"","","",""
false,"mp_weapon_shotgun_pistol_heavy","main_weapon","","hopup_april_fools_heavy","sight","shotgun event_weapon",0,4,"PING_WEAPON_MOZAMBIQUE","rui/hud/gametype_icons/survival/sur_ammo_bullet_large","","",0,"","survival_loot_pickup_weapon_shotgun","survival_loot_pickup_3p_weapon_shotgun","","","",1,1,"","","",0,0,20,false,false,false,false,"EVENT",false,false,false,"","","",""
false,"mp_weapon_shotgun_pistol_sniper","main_weapon","","hopup_april_fools_sniper","sight","shotgun event_weapon",0,4,"PING_WEAPON_MOZAMBIQUE","rui/hud/gametype_icons/survival/sur_ammo_sniper","","",0,"","survival_loot_pickup_weapon_shotgun","survival_loot_pickup_3p_weapon_shotgun","","","",1,1,"","","",0,0,20,false,false,false,false,"EVENT",false,false,false,"","","",""
false,"mp_weapon_shotgun_pistol_energy","main_weapon","","hopup_april_fools_energy","sight","shotgun event_weapon",0,4,"PING_WEAPON_MOZAMBIQUE","rui/hud/gametype_icons/survival/sur_ammo_special","","",0,"","survival_loot_pickup_weapon_shotgun","survival_loot_pickup_3p_weapon_shotgun","","","",1,1,"","","",0,0,20,false,false,false,false,"EVENT",false,false,false,"","","",""
false,"mp_weapon_wingman","main_weapon","","","barrel sight mag","pistol",0,1,"PING_WEAPON_WINGMAN","","","",0,"","survival_loot_pickup_weapon_wingman","survival_loot_pickup_3p_weapon_wingman","","","",1,1,"","","",0,0,20,false,false,false,false,"CORE",false,false,false,"","","",""
false,"mp_weapon_wingman_crate","main_weapon","","crate hopup_headshot_dmg_elite optic_cq_hcog_classic sniper_mag_l3 laser_sight_l3","sight hopup","pistol",0,5,"PING_WEAPON_WINGMAN","rui/hud/gametype_icons/survival/sur_ammo_kraber","","",0,"","survival_loot_pickup_weapon_wingman","survival_loot_pickup_3p_weapon_wingman","","","",1,1,"","","",0,0,20,false,false,false,false,"CORE",false,false,false,"","","",""
false,"mp_weapon_wingman_whiteset","main_weapon","mp_weapon_wingman","optic_cq_hcog_classic sniper_mag_l1 laser_sight_l1","barrel sight mag","pistol whiteset",0,1,"PING_WEAPON_WINGMAN","","","",0,"","survival_loot_pickup_weapon_wingman","survival_loot_pickup_3p_weapon_wingman","","","",1,1,"","","",0,0,20,false,false,false,false,"",false,false,false,"","","",""
false,"mp_weapon_wingman_blueset","main_weapon","mp_weapon_wingman","optic_cq_hcog_classic sniper_mag_l2 laser_sight_l2","barrel sight mag","pistol blueset",0,2,"PING_WEAPON_WINGMAN","","","",0,"","survival_loot_pickup_weapon_wingman","survival_loot_pickup_3p_weapon_wingman","","","",1,1,"","","",0,0,20,false,false,false,false,"",false,false,false,"","","",""
false,"mp_weapon_wingman_purpleset","main_weapon","mp_weapon_wingman","optic_cq_hcog_classic sniper_mag_l3 laser_sight_l3","barrel sight mag","pistol purpleset",0,3,"PING_WEAPON_WINGMAN","","","",0,"","survival_loot_pickup_weapon_wingman","survival_loot_pickup_3p_weapon_wingman","","","",1,1,"","","",0,0,20,false,false,false,false,"",false,false,false,"","","",""
false,"mp_weapon_wingman_gold","main_weapon","mp_weapon_wingman","optic_cq_hcog_classic sniper_mag_l3 laser_sight_l3 hopup_ultimate_accelerator","barrel sight mag hopup","pistol gold",0,4,"PING_WEAPON_WINGMAN","","","",0,"","survival_loot_pickup_weapon_wingman","survival_loot_pickup_3p_weapon_wingman","","","",1,1,"","","",0,0,20,false,false,false,false,"",false,false,false,"","","",""
false,"mp_weapon_semipistol","main_weapon","","dormant_hopup_unshielded_dmg","sight mag barrel hopup","pistol",0,1,"PING_WEAPON_SEMIPISTOL","","","",0,"","survival_loot_pickup_weapon_semipistol","survival_loot_pickup_3p_weapon_semipistol","","","",1,1,"","","",0,0,20,false,false,false,false,"CORE",false,false,false,"","","",""
false,"mp_weapon_semipistol_whiteset","main_weapon","mp_weapon_semipistol","optic_cq_hcog_classic bullets_mag_l1 laser_sight_l1","sight mag barrel","pistol whiteset",0,1,"PING_WEAPON_SEMIPISTOL","","","",0,"","survival_loot_pickup_weapon_semipistol","survival_loot_pickup_3p_weapon_semipistol","","","",1,1,"","","",0,0,20,false,false,false,false,"",false,false,false,"","","",""
false,"mp_weapon_semipistol_blueset","main_weapon","mp_weapon_semipistol","optic_cq_hcog_classic bullets_mag_l2 laser_sight_l2","sight mag barrel","pistol blueset",0,2,"PING_WEAPON_SEMIPISTOL","","","",0,"","survival_loot_pickup_weapon_semipistol","survival_loot_pickup_3p_weapon_semipistol","","","",1,1,"","","",0,0,20,false,false,false,false,"",false,false,false,"","","",""
false,"mp_weapon_semipistol_purpleset","main_weapon","mp_weapon_semipistol","optic_cq_hcog_classic bullets_mag_l3 laser_sight_l3","sight mag barrel","pistol purpleset",0,3,"PING_WEAPON_SEMIPISTOL","","","",0,"","survival_loot_pickup_weapon_semipistol","survival_loot_pickup_3p_weapon_semipistol","","","",1,1,"","","",0,0,20,false,false,false,false,"",false,false,false,"","","",""
false,"mp_weapon_semipistol_gold","main_weapon","mp_weapon_semipistol","optic_cq_hcog_classic bullets_mag_l3 laser_sight_l3 hopup_unshielded_dmg","sight mag barrel hopup","pistol gold",0,4,"PING_WEAPON_SEMIPISTOL","","","",0,"","survival_loot_pickup_weapon_semipistol","survival_loot_pickup_3p_weapon_semipistol","","","",1,1,"","","",0,0,20,false,false,false,false,"",false,false,false,"","","",""
false,mp_weapon_semipistol_crate,main_weapon,,crate,sight hopup,pistol,0,5,PING_WEAPON_SEMIPISTOL,rui/hud/gametype_icons/survival/sur_ammo_unique,,,0,,survival_loot_pickup_weapon_semipistol,survival_loot_pickup_3p_weapon_semipistol,,,,1,1,,,,0,0,20,false,false,false,false,,false,false,false,,,,
// no dual-wield path on the S3 dedi: false,"mp_weapon_semipistol_crate_akimbo","main_weapon","mp_weapon_semipistol_crate","crate optic_cq_hcog_classic bullets_mag_l3 laser_sight_l3 locked_akimbo hopup_kinetic_loader","sight hopup","pistol",0,5,"PING_WEAPON_SEMIPISTOL","rui/hud/gametype_icons/survival/sur_ammo_unique","","mdl/weapons/p2011/w_p2020_akimbo_loot.rmdl",0,"","survival_loot_pickup_weapon_semipistol","survival_loot_pickup_3p_weapon_semipistol","","","",1,1,"","","",0,0,20,false,false,false,false,"CORE",false,false,false,"","","",""
false,"mp_weapon_semipistol_akimbo_whiteset","main_weapon","mp_weapon_semipistol","optic_cq_hcog_classic bullets_mag_l1 laser_sight_l1 locked_akimbo","sight mag barrel","pistol whiteset",0,1,"PING_WEAPON_SEMIPISTOL","","","",0,"","survival_loot_pickup_weapon_semipistol","survival_loot_pickup_3p_weapon_semipistol","","","",1,1,"","","",0,0,20,false,false,false,false,"",false,false,false,"","","",""
false,"mp_weapon_semipistol_akimbo_blueset","main_weapon","mp_weapon_semipistol","optic_cq_hcog_classic bullets_mag_l2 laser_sight_l2 locked_akimbo","sight mag barrel","pistol blueset",0,2,"PING_WEAPON_SEMIPISTOL","","","",0,"","survival_loot_pickup_weapon_semipistol","survival_loot_pickup_3p_weapon_semipistol","","","",1,1,"","","",0,0,20,false,false,false,false,"",false,false,false,"","","",""
false,"mp_weapon_semipistol_akimbo_purpleset","main_weapon","mp_weapon_semipistol","optic_cq_hcog_classic bullets_mag_l3 laser_sight_l3 locked_akimbo","sight mag barrel","pistol purpleset",0,3,"PING_WEAPON_SEMIPISTOL","","","",0,"","survival_loot_pickup_weapon_semipistol","survival_loot_pickup_3p_weapon_semipistol","","","",1,1,"","","",0,0,20,false,false,false,false,"",false,false,false,"","","",""
false,"mp_weapon_semipistol_akimbo_gold","main_weapon","mp_weapon_semipistol","optic_cq_hcog_classic bullets_mag_l3 laser_sight_l3 locked_akimbo hopup_unshielded_dmg","sight mag barrel hopup","pistol gold",0,4,"PING_WEAPON_SEMIPISTOL","","","",0,"","survival_loot_pickup_weapon_semipistol","survival_loot_pickup_3p_weapon_semipistol","","","",1,1,"","","",0,0,20,false,false,false,false,"",false,false,false,"","","",""
false,"mp_weapon_autopistol","main_weapon","","","sight mag barrel","pistol",0,1,"PING_WEAPON_AUTOPISTOL","","","",0,"","survival_loot_pickup_weapon_autopistol","survival_loot_pickup_3p_weapon_autopistol","","","",1,1,"","","",0,0,20,false,false,false,false,"CORE",false,false,false,"","","",""
false,"mp_weapon_autopistol_crate","main_weapon","","crate optic_cq_hcog_classic bullets_mag_l3 laser_sight_l3 hopup_shield_breaker","sight hopup","pistol",0,5,"PING_WEAPON_AUTOPISTOL","rui/hud/gametype_icons/survival/sur_ammo_unique","","",0,"","survival_loot_pickup_weapon_autopistol","survival_loot_pickup_3p_weapon_autopistol","","","",1,1,"","","",0,0,20,false,false,false,false,"CORE",false,false,false,"","","",""
false,"mp_weapon_autopistol_fusion","main_weapon","","","sight mag barrel","pistol",0,1,"PING_WEAPON_AUTOPISTOL_FUSION","","","",0,"","survival_loot_pickup_weapon_autopistol","survival_loot_pickup_3p_weapon_autopistol","","","",1,1,"","","",0,0,20,false,false,false,false,"CORE",false,false,false,"","","",""
false,"mp_weapon_autopistol_fusion_crate","main_weapon","","crate optic_cq_hcog_classic energy_mag_l3 laser_sight_l3 hopup_turbocharger","sight hopup","pistol",0,5,"PING_WEAPON_AUTOPISTOL_FUSION","rui/hud/gametype_icons/survival/sur_ammo_lstar","","",0,"","survival_loot_pickup_weapon_autopistol","survival_loot_pickup_3p_weapon_autopistol","","","",1,1,"","","",0,0,20,false,false,false,false,"EVENT",false,false,false,"","","",""
false,"mp_weapon_autopistol_fusion_whiteset","main_weapon","mp_weapon_autopistol_fusion","optic_cq_hcog_classic energy_mag_l1 laser_sight_l1","sight mag barrel","pistol whiteset",0,1,"PING_WEAPON_AUTOPISTOL_FUSION","","","",0,"","survival_loot_pickup_weapon_autopistol","survival_loot_pickup_3p_weapon_autopistol","","","",1,1,"","","",0,0,20,false,false,false,false,"",false,false,false,"","","",""
false,"mp_weapon_autopistol_fusion_blueset","main_weapon","mp_weapon_autopistol_fusion","optic_cq_hcog_classic energy_mag_l2 laser_sight_l2","sight mag barrel","pistol blueset",0,2,"PING_WEAPON_AUTOPISTOL_FUSION","","","",0,"","survival_loot_pickup_weapon_autopistol","survival_loot_pickup_3p_weapon_autopistol","","","",1,1,"","","",0,0,20,false,false,false,false,"",false,false,false,"","","",""
false,"mp_weapon_autopistol_fusion_purpleset","main_weapon","mp_weapon_autopistol_fusion","optic_cq_hcog_classic energy_mag_l3 laser_sight_l3","sight mag barrel","pistol purpleset",0,3,"PING_WEAPON_AUTOPISTOL_FUSION","","","",0,"","survival_loot_pickup_weapon_autopistol","survival_loot_pickup_3p_weapon_autopistol","","","",1,1,"","","",0,0,20,false,false,false,false,"",false,false,false,"","","",""
false,"mp_weapon_autopistol_fusion_gold","main_weapon","mp_weapon_autopistol_fusion","optic_cq_hcog_classic energy_mag_l3 laser_sight_l3 hopup_ultimate_accelerator","sight mag barrel hopup","pistol gold",0,4,"PING_WEAPON_AUTOPISTOL_FUSION","","","",0,"","survival_loot_pickup_weapon_autopistol","survival_loot_pickup_3p_weapon_autopistol","","","",1,1,"","","",0,0,20,false,false,false,false,"",false,false,false,"","","",""
false,"mp_weapon_autopistol_whiteset","main_weapon","mp_weapon_autopistol","optic_cq_hcog_classic bullets_mag_l1 laser_sight_l1","sight mag barrel","pistol whiteset",0,1,"PING_WEAPON_AUTOPISTOL","","","",0,"","survival_loot_pickup_weapon_autopistol","survival_loot_pickup_3p_weapon_autopistol","","","",1,1,"","","",0,0,20,false,false,false,false,"",false,false,false,"","","",""
false,"mp_weapon_autopistol_blueset","main_weapon","mp_weapon_autopistol","optic_cq_hcog_classic bullets_mag_l2 laser_sight_l2","sight mag barrel","pistol blueset",0,2,"PING_WEAPON_AUTOPISTOL","","","",0,"","survival_loot_pickup_weapon_autopistol","survival_loot_pickup_3p_weapon_autopistol","","","",1,1,"","","",0,0,20,false,false,false,false,"",false,false,false,"","","",""
false,"mp_weapon_autopistol_purpleset","main_weapon","mp_weapon_autopistol","optic_cq_hcog_classic bullets_mag_l3 laser_sight_l3","sight mag barrel","pistol purpleset",0,3,"PING_WEAPON_AUTOPISTOL","","","",0,"","survival_loot_pickup_weapon_autopistol","survival_loot_pickup_3p_weapon_autopistol","","","",1,1,"","","",0,0,20,false,false,false,false,"",false,false,false,"","","",""
false,"mp_weapon_autopistol_gold","main_weapon","mp_weapon_autopistol","optic_cq_hcog_classic bullets_mag_l3 laser_sight_l3","sight mag barrel","pistol gold",0,4,"PING_WEAPON_AUTOPISTOL","","","",0,"","survival_loot_pickup_weapon_autopistol","survival_loot_pickup_3p_weapon_autopistol","","","",1,1,"","","",0,0,20,false,false,false,false,"",false,false,false,"","","",""
false,"mp_weapon_sentinel","main_weapon","","","sight mag grip","sniper",0,1,"PING_WEAPON_SENTINEL","","","",0,"","survival_loot_pickup_weapon_dmr","survival_loot_pickup_3p_weapon_dmr","","","",1,1,"","","",0,0,20,false,false,false,false,"CORE",false,false,false,"","","",""
false,"mp_weapon_sentinel_crate","main_weapon","","crate optic_sniper_threat sniper_mag_l3 stock_sniper_l3","sight","sniper",0,5,"PING_WEAPON_SENTINEL","rui/hud/gametype_icons/survival/sur_ammo_kraber","","",0,"","survival_loot_pickup_weapon_dmr","survival_loot_pickup_3p_weapon_dmr","","","",1,1,"","","",0,0,20,false,false,false,false,"EVENT",false,false,false,"","","",""
false,"mp_weapon_sentinel_whiteset","main_weapon","mp_weapon_sentinel","optic_cq_hcog_bruiser sniper_mag_l1 stock_sniper_l1","sight mag grip","sniper whiteset",0,1,"PING_WEAPON_SENTINEL","","","",0,"","survival_loot_pickup_weapon_dmr","survival_loot_pickup_3p_weapon_dmr","","","",1,1,"","","",0,0,20,false,false,false,false,"",false,false,false,"","","",""
false,"mp_weapon_sentinel_blueset","main_weapon","mp_weapon_sentinel","optic_sniper sniper_mag_l2 stock_sniper_l2","sight mag grip","sniper blueset",0,2,"PING_WEAPON_SENTINEL","","","",0,"","survival_loot_pickup_weapon_dmr","survival_loot_pickup_3p_weapon_dmr","","","",1,1,"","","",0,0,20,false,false,false,false,"",false,false,false,"","","",""
false,"mp_weapon_sentinel_purpleset","main_weapon","mp_weapon_sentinel","optic_sniper_variable sniper_mag_l3 stock_sniper_l3","sight mag grip","sniper purpleset",0,3,"PING_WEAPON_SENTINEL","","","",0,"","survival_loot_pickup_weapon_dmr","survival_loot_pickup_3p_weapon_dmr","","","",1,1,"","","",0,0,20,false,false,false,false,"",false,false,false,"","","",""
false,"mp_weapon_sentinel_gold","main_weapon","mp_weapon_sentinel","optic_sniper_threat sniper_mag_l3 stock_sniper_l3 hopup_ultimate_accelerator","sight mag grip hopup","sniper gold",0,4,"PING_WEAPON_SENTINEL","","","",0,"","survival_loot_pickup_weapon_dmr","survival_loot_pickup_3p_weapon_dmr","","","",1,1,"","","",0,0,20,false,false,false,false,"",false,false,false,"","","",""
// mdl/weapons/epg is absent and S21 has no mdl/error.rmdl to fall back on: false,"mp_weapon_epg","main_weapon","","crate","","launcher event_weapon",0,5,"PING_WEAPON_EPG","rui/hud/gametype_icons/survival/sur_ammo_epg","","",0,"","survival_loot_pickup_weapon_mastiff","survival_loot_pickup_3p_weapon_mastiff","","","",1,1,"","","",0,0,20,false,false,false,false,"EVENT",false,false,false,"","","",""
// mdl/weapons/epg is absent and S21 has no mdl/error.rmdl to fall back on: false,"mp_weapon_epg_tethered","main_weapon","","","","launcher event_weapon",0,5,"PING_WEAPON_EPG","rui/hud/gametype_icons/survival/sur_ammo_epg","","",0,"","survival_loot_pickup_weapon_mastiff","survival_loot_pickup_3p_weapon_mastiff","","","",1,1,"","","",0,0,20,false,false,false,false,"EVENT",false,false,false,"","","",""
false,"mp_weapon_bow","main_weapon","","","sight grip","marksman",0,1,"PING_WEAPON_BOW","rui/hud/gametype_icons/survival/sur_ammo_arrows","","",0,"","survival_loot_pickup_weapon_r97","survival_loot_pickup_3p_weapon_r97","","","",1,1,"","","",0,0,20,false,false,false,false,"CORE",false,false,false,"","","",""
false,"mp_weapon_bow_crate","main_weapon","","crate optic_ranged_hcog stock_sniper_l3","sight","marksman",0,5,"PING_WEAPON_BOW","rui/hud/gametype_icons/survival/sur_ammo_bocek","","",0,"","survival_loot_pickup_weapon_r97","survival_loot_pickup_3p_weapon_r97","","","",1,1,"","","",0,0,20,false,false,false,false,"EVENT",false,false,false,"","","",""
false,"mp_weapon_bow_cupid","main_weapon","mp_weapon_bow","crate optic_ranged_hcog cupid","sight","marksman event_weapon",0,5,"PING_WEAPON_BOW","rui/hud/gametype_icons/survival/sur_ammo_bocek","","",0,"","survival_loot_pickup_weapon_r97","survival_loot_pickup_3p_weapon_r97","","","",60,1,"","","",0,0,20,false,false,false,false,"EVENT",false,false,false,"","","",""
false,"mp_weapon_bow_whiteset","main_weapon","mp_weapon_bow","optic_cq_hcog_classic stock_sniper_l1","sight grip","marksman whiteset",0,1,"PING_WEAPON_BOW","rui/hud/gametype_icons/survival/sur_ammo_arrows","","",0,"","survival_loot_pickup_weapon_r97","survival_loot_pickup_3p_weapon_r97","","","",1,1,"","","",0,0,20,false,false,false,false,"",false,false,false,"","","",""
false,"mp_weapon_bow_blueset","main_weapon","mp_weapon_bow","optic_cq_hcog_bruiser stock_sniper_l2","sight grip","marksman blueset",0,2,"PING_WEAPON_BOW","rui/hud/gametype_icons/survival/sur_ammo_arrows","","",0,"","survival_loot_pickup_weapon_r97","survival_loot_pickup_3p_weapon_r97","","","",1,1,"","","",0,0,20,false,false,false,false,"",false,false,false,"","","",""
false,"mp_weapon_bow_purpleset","main_weapon","mp_weapon_bow","optic_ranged_hcog stock_sniper_l3","sight grip","marksman purpleset",0,3,"PING_WEAPON_BOW","rui/hud/gametype_icons/survival/sur_ammo_arrows","","",0,"","survival_loot_pickup_weapon_r97","survival_loot_pickup_3p_weapon_r97","","","",1,1,"","","",0,0,20,false,false,false,false,"",false,false,false,"","","",""
false,"mp_weapon_bow_gold","main_weapon","mp_weapon_bow","optic_ranged_hcog stock_sniper_l3","sight grip hopup","marksman gold",0,4,"PING_WEAPON_BOW","rui/hud/gametype_icons/survival/sur_ammo_arrows","","",0,"","survival_loot_pickup_weapon_r97","survival_loot_pickup_3p_weapon_r97","","","",1,1,"","","",0,0,20,true,false,false,false,"",false,false,false,"","","",""
false,"mp_weapon_3030_crate","main_weapon","","crate optic_ranged_hcog highcal_mag_l3 stock_sniper_l3 hopup_shatter_rounds segmented_speed_load altfire_shatter","sight hopup","marksman",0,5,"PING_WEAPON_3030","rui/hud/gametype_icons/survival/sur_ammo_heavy","","",0,"","survival_loot_pickup_weapon_3030","survival_loot_pickup_3p_weapon_3030","","","",1,1,"","","",0,0,20,false,false,false,false,"CORE",false,false,false,"","","",""
false,"mp_weapon_3030","main_weapon","","","sight mag grip","marksman",0,1,"PING_WEAPON_3030","","","",0,"","survival_loot_pickup_weapon_3030","survival_loot_pickup_3p_weapon_3030","","","",1,1,"","","",0,0,20,false,false,false,false,"CORE",false,false,false,"","","",""
false,"mp_weapon_3030_whiteset","main_weapon","mp_weapon_3030","optic_cq_hcog_classic highcal_mag_l1 stock_sniper_l1","sight mag grip","marksman whiteset",0,1,"PING_WEAPON_3030","","","",0,"","survival_loot_pickup_weapon_3030","survival_loot_pickup_3p_weapon_3030","","","",1,1,"","","",0,0,20,false,false,false,false,"",false,false,false,"","","",""
false,"mp_weapon_3030_blueset","main_weapon","mp_weapon_3030","optic_cq_hcog_bruiser highcal_mag_l2 stock_sniper_l2","sight mag grip","marksman blueset",0,2,"PING_WEAPON_3030","","","",0,"","survival_loot_pickup_weapon_3030","survival_loot_pickup_3p_weapon_3030","","","",1,1,"","","",0,0,20,false,false,false,false,"",false,false,false,"","","",""
false,"mp_weapon_3030_purpleset","main_weapon","mp_weapon_3030","optic_ranged_aog_variable highcal_mag_l3 stock_sniper_l3","sight mag grip","marksman purpleset",0,3,"PING_WEAPON_3030","","","",0,"","survival_loot_pickup_weapon_3030","survival_loot_pickup_3p_weapon_3030","","","",1,1,"","","",0,0,20,false,false,false,false,"",false,false,false,"","","",""
false,"mp_weapon_3030_gold","main_weapon","mp_weapon_3030","optic_ranged_aog_variable highcal_mag_l3 stock_sniper_l3 hopup_ultimate_accelerator","sight mag grip hopup","marksman gold",0,4,"PING_WEAPON_3030","","","",0,"","survival_loot_pickup_weapon_3030","survival_loot_pickup_3p_weapon_3030","","","",1,1,"","","",0,0,20,false,false,false,false,"",false,false,false,"","","",""
false,"mp_weapon_nemesis","main_weapon","","dormant_hopup_turbocharger","sight mag barrel grip hopup","assault",0,1,"PING_WEAPON_NEMESIS","","","",0,"","survival_loot_pickup_weapon_nemesis","survival_loot_pickup_3p_weapon_nemesis","","","",1,1,"","","",0,0,20,false,false,false,false,"CORE",false,false,false,"","","",""
false,"mp_weapon_nemesis_crate","main_weapon","","crate optic_cq_hcog_bruiser energy_mag_l3 barrel_stabilizer_l3 stock_tactical_l3 hopup_turbocharger","sight hopup","assault",0,5,"PING_WEAPON_NEMESIS","rui/hud/gametype_icons/survival/sur_ammo_lstar","","",0,"","survival_loot_pickup_weapon_nemesis","survival_loot_pickup_3p_weapon_nemesis","","","",1,1,"","","",0,0,20,false,false,false,false,"EVENT",false,false,false,"","","",""
false,"mp_weapon_nemesis_whiteset","main_weapon","mp_weapon_nemesis","optic_cq_hcog_classic energy_mag_l1 barrel_stabilizer_l1 stock_tactical_l1","sight mag barrel grip","assault whiteset",0,1,"PING_WEAPON_NEMESIS","","","",0,"","survival_loot_pickup_weapon_nemesis","survival_loot_pickup_3p_weapon_nemesis","","","",1,1,"","","",0,0,20,false,false,false,false,"",false,false,false,"","","",""
false,"mp_weapon_nemesis_blueset","main_weapon","mp_weapon_nemesis","optic_cq_hcog_bruiser energy_mag_l2 barrel_stabilizer_l2 stock_tactical_l2","sight mag barrel grip","assault blueset",0,2,"PING_WEAPON_NEMESIS","","","",0,"","survival_loot_pickup_weapon_nemesis","survival_loot_pickup_3p_weapon_nemesis","","","",1,1,"","","",0,0,20,false,false,false,false,"",false,false,false,"","","",""
false,"mp_weapon_nemesis_purpleset","main_weapon","mp_weapon_nemesis","optic_cq_hcog_bruiser energy_mag_l3 barrel_stabilizer_l3 stock_tactical_l3","sight mag barrel grip","assault purpleset",0,3,"PING_WEAPON_NEMESIS","","","",0,"","survival_loot_pickup_weapon_nemesis","survival_loot_pickup_3p_weapon_nemesis","","","",1,1,"","","",0,0,20,false,false,false,false,"",false,false,false,"","","",""
false,"mp_weapon_nemesis_gold","main_weapon","mp_weapon_nemesis","optic_cq_hcog_bruiser energy_mag_l3 barrel_stabilizer_l3 stock_tactical_l3 hopup_turbocharger","sight mag barrel grip hopup","assault gold",0,4,"PING_WEAPON_NEMESIS","","","",0,"","survival_loot_pickup_weapon_nemesis","survival_loot_pickup_3p_weapon_nemesis","","","",1,1,"","","",0,0,20,false,false,false,false,"CORE",false,false,false,"","","",""
false,"bullet","ammo","","","","",0,1,"PING_AMMO_BULLET","","rui/hud/gametype_icons/survival/sur_ammo_bullet","mdl/weapons_r5/loot/_master/w_loot_wep_ammo_sc.rmdl",0,"","survival_loot_pickup_LightAmmo","survival_loot_pickup_3p_LightAmmo","","#SURVIVAL_PICKUP_BULLETS","#SURVIVAL_PICKUP_BULLETS_HINT",20,60,"","","",0,0,0,false,false,false,false,"",false,false,false,"INVENTORY_NEED_AMMO_BULLET","","",""
true,special,ammo,,,,,0,1,PING_AMMO_SPECIAL,,rui/hud/gametype_icons/survival/sur_ammo_special,mdl/weapons_r5/loot/_master/w_loot_wep_ammo_nrg.rmdl,0,,survival_loot_pickup_EnergyPack,survival_loot_pickup_3p_EnergyPack,,#SURVIVAL_PICKUP_SPECIAL,#SURVIVAL_PICKUP_SPECIAL_HINT,18,54,,,,0,0,0,false,false,false,false,,false,false,false,INVENTORY_NEED_AMMO_SPECIAL,,,
false,"shotgun","ammo","","","","",0,1,"PING_AMMO_SHOTGUN","","rui/hud/gametype_icons/survival/sur_ammo_shotgun","mdl/weapons_r5/loot/_master/w_loot_wep_ammo_shg.rmdl",0,"","survival_loot_pickup_ShotgunShells","survival_loot_pickup_3p_ShotgunShells","","#SURVIVAL_PICKUP_SHOTGUN","#SURVIVAL_PICKUP_SHOTGUN_HINT",10,20,"","","",0,0,0,false,false,false,false,"",false,false,false,"INVENTORY_NEED_AMMO_SHOTGUN","","",""
false,"highcal","ammo","","","","",0,1,"PING_AMMO_HIGHCAL","","rui/hud/gametype_icons/survival/sur_ammo_bullet_large","mdl/weapons_r5/loot/_master/w_loot_wep_ammo_hc.rmdl",0,"","survival_loot_pickup_HeavyAmmo","survival_loot_pickup_3p_HeavyAmmo","","#SURVIVAL_PICKUP_BULLETS_LARGE","#SURVIVAL_PICKUP_BULLETS_LARGE_HINT",20,60,"","","",0,0,0,false,false,false,false,"",false,false,false,"INVENTORY_NEED_AMMO_HIGHCAL","","",""
false,"sniper","ammo","","","","",0,1,"PING_AMMO_SNIPER","","rui/hud/gametype_icons/survival/sur_ammo_sniper","mdl/weapons_r5/loot/_master/w_loot_wep_ammo_sniper.rmdl",0,"","survival_loot_pickup_sniper","survival_loot_pickup_3p_sniper","","#SURVIVAL_PICKUP_SNIPER","#SURVIVAL_PICKUP_SNIPER_HINT",14,28,"","","",0,0,0,false,false,false,false,"",false,false,false,"INVENTORY_NEED_AMMO_SNIPER","","",""
true,"arrows","ammo","","","","",0,1,"PING_AMMO_ARROWS","","rui/hud/gametype_icons/survival/sur_ammo_arrows","mdl/weapons_r5/loot/_master/w_loot_wep_arrows_mn.rmdl",0,"","survival_loot_pickup_arrows","survival_loot_pickup_3p_arrows","","#SURVIVAL_PICKUP_ARROWS","#SURVIVAL_PICKUP_ARROWS_HINT",16,32,"","","",0,0,0,false,false,false,false,"",false,true,true,"INVENTORY_NEED_AMMO_ARROWS","","",""
false,"arrowsBundle","custom_pickup","","","","",0,1,"PING_AMMO_ARROWS_BUNDLE","","rui/hud/gametype_icons/survival/sur_ammo_arrows","mdl/weapons_r5/loot/_master/w_loot_wep_arrows_mn.rmdl",0,"","survival_loot_pickup_arrows","survival_loot_pickup_3p_arrows","","#SURVIVAL_PICKUP_ARROWS_BUNDLE","#SURVIVAL_PICKUP_ARROWS_BUNDLE_HINT",1,1,"","","",0,0,0,false,false,false,false,"",false,false,false,"","","",""
false,"mp_weapon_dragon_lmg","main_weapon","","","sight barrel grip mag","lmg",0,1,"PING_WEAPON_DRAGON","","","",0,"","survival_loot_pickup_weapon_lmg","survival_loot_pickup_3p_weapon_lmg","","","",1,1,"","","",0,0,20,false,false,false,false,"CORE",false,false,false,"","","",""
false,"mp_weapon_dragon_lmg_crate","main_weapon","","crate optic_cq_hcog_bruiser highcal_mag_l3 barrel_stabilizer_l3 stock_tactical_l3 hopup_gunshield","sight hopup","lmg",0,5,"PING_WEAPON_DRAGON","rui/hud/gametype_icons/survival/sur_ammo_heavy","","",0,"","survival_loot_pickup_weapon_lmg","survival_loot_pickup_3p_weapon_lmg","","","",1,1,"","","",0,0,20,false,false,false,false,"EVENT",false,false,false,"","","",""
false,"mp_weapon_dragon_lmg_whiteset","main_weapon","mp_weapon_dragon_lmg","optic_cq_hcog_classic barrel_stabilizer_l1 stock_tactical_l1 highcal_mag_l1","sight barrel grip mag","lmg whiteset",0,1,"PING_WEAPON_DRAGON","","","",0,"","survival_loot_pickup_weapon_lmg","survival_loot_pickup_3p_weapon_lmg","","","",1,1,"","","",0,0,20,false,false,false,false,"",false,false,false,"","","",""
false,"mp_weapon_dragon_lmg_blueset","main_weapon","mp_weapon_dragon_lmg","optic_cq_hcog_bruiser barrel_stabilizer_l2 stock_tactical_l2 highcal_mag_l2","sight barrel grip mag","lmg blueset",0,2,"PING_WEAPON_DRAGON","","","",0,"","survival_loot_pickup_weapon_lmg","survival_loot_pickup_3p_weapon_lmg","","","",1,1,"","","",0,0,20,false,false,false,false,"",false,false,false,"","","",""
false,"mp_weapon_dragon_lmg_purpleset","main_weapon","mp_weapon_dragon_lmg","optic_cq_hcog_bruiser barrel_stabilizer_l3 stock_tactical_l3 highcal_mag_l3","sight barrel grip mag","lmg purpleset",0,3,"PING_WEAPON_DRAGON","","","",0,"","survival_loot_pickup_weapon_lmg","survival_loot_pickup_3p_weapon_lmg","","","",1,1,"","","",0,0,20,false,false,false,false,"",false,false,false,"","","",""
false,"mp_weapon_dragon_lmg_gold","main_weapon","mp_weapon_dragon_lmg","optic_cq_hcog_bruiser highcal_mag_l3 barrel_stabilizer_l3 stock_tactical_l3 hopup_ultimate_accelerator","sight barrel grip mag hopup","lmg gold",0,4,"PING_WEAPON_DRAGON","","","",0,"","survival_loot_pickup_weapon_lmg","survival_loot_pickup_3p_weapon_lmg","","","",1,1,"","","",0,0,20,false,false,false,false,"",false,false,false,"","","",""
false,"mp_weapon_car","main_weapon","","","sight mag barrel grip","smg",0,1,"PING_WEAPON_CAR","","","",0,"","survival_loot_pickup_weapon_r97","survival_loot_pickup_3p_weapon_r97","","","",1,1,"","","",0,0,20,false,false,false,false,"CORE",false,false,false,"","","",""
false,"mp_weapon_car_crate","main_weapon","","crate optic_cq_hcog_classic highcal_mag_l3 stock_tactical_l3 laser_sight_l3 hopup_car_crate","sight hopup","smg",0,5,"PING_WEAPON_CAR","rui/hud/gametype_icons/survival/sur_ammo_heavy","","",0,"","survival_loot_pickup_weapon_r97","survival_loot_pickup_3p_weapon_r97","","","",1,1,"","","",0,0,20,false,false,false,false,"CORE",false,false,false,"","","",""
false,"mp_weapon_car_whiteset","main_weapon","mp_weapon_car","optic_cq_hcog_classic highcal_mag_l1 stock_tactical_l1 laser_sight_l1","sight mag barrel grip","smg whiteset",0,1,"PING_WEAPON_CAR","","","",0,"","survival_loot_pickup_weapon_r97","survival_loot_pickup_3p_weapon_r97","","","",1,1,"","","",0,0,20,false,false,false,false,"",false,false,false,"","","",""
false,"mp_weapon_car_blueset","main_weapon","mp_weapon_car","optic_cq_hcog_classic highcal_mag_l2 stock_tactical_l2 laser_sight_l2","sight mag barrel grip","smg blueset",0,2,"PING_WEAPON_CAR","","","",0,"","survival_loot_pickup_weapon_r97","survival_loot_pickup_3p_weapon_r97","","","",1,1,"","","",0,0,20,false,false,false,false,"",false,false,false,"","","",""
false,"mp_weapon_car_purpleset","main_weapon","mp_weapon_car","optic_cq_hcog_classic highcal_mag_l3 stock_tactical_l3 laser_sight_l3","sight mag barrel grip","smg purpleset",0,3,"PING_WEAPON_CAR","","","",0,"","survival_loot_pickup_weapon_r97","survival_loot_pickup_3p_weapon_r97","","","",1,1,"","","",0,0,20,false,false,false,false,"",false,false,false,"","","",""
false,"mp_weapon_car_gold","main_weapon","mp_weapon_car","optic_cq_hcog_classic highcal_mag_l3 stock_tactical_l3 laser_sight_l3 hopup_ultimate_accelerator","sight mag barrel grip hopup","smg gold",0,4,"PING_WEAPON_CAR","","","",0,"","survival_loot_pickup_weapon_r97","survival_loot_pickup_3p_weapon_r97","","","",1,1,"","","",0,0,20,false,false,false,false,"",false,false,false,"","","",""
// no dual-wield path on the S3 dedi: true,"mp_weapon_semipistol_paintball_akimbo_blueset","main_weapon","mp_weapon_semipistol","paintball optic_cq_hcog_classic bullets_mag_l2 laser_sight_l2  locked_akimbo","sight mag barrel hopup","pistol blueset",0,2,"PING_WEAPON_SEMIPISTOL_RAMPARTSPECIAL","","","mdl/weapons/p2011/w_p2020_akimbo_loot.rmdl",0,"","survival_loot_pickup_weapon_semipistol","survival_loot_pickup_3p_weapon_semipistol","","","",1,1,"","","",0,0,20,false,false,false,false,"",false,false,false,"","","",""
// no dual-wield path on the S3 dedi: true,"mp_weapon_shotgun_pistol_paintball_akimbo_blueset","main_weapon","mp_weapon_shotgun_pistol","paintball optic_cq_hcog_classic shotgun_bolt_l2  locked_akimbo","sight mag hopup","pistol blueset",0,2,"PING_WEAPON_MOZAMBIQUE_RAMPARTSPECIAL","","","mdl/weapons/pstl_sa3/w_mozambique_akimbo_loot.rmdl",0,"","survival_loot_pickup_weapon_shotgun","survival_loot_pickup_3p_weapon_shotgun","","","",1,1,"","","",0,0,20,false,false,false,false,"",false,false,false,"","","",""
true,"mp_weapon_alternator_smg_paintball_blueset","main_weapon","mp_weapon_alternator_smg","paintball optic_cq_hcog_classic bullets_mag_l2 laser_sight_l2 stock_tactical_l2","sight mag barrel grip hopup","smg blueset",0,2,"PING_WEAPON_ALTERNATOR_RAMPARTSPECIAL","","","",0,"","survival_loot_pickup_weapon_alternator_smg","survival_loot_pickup_3p_weapon_alternator_smg","","","",1,1,"","","",0,0,20,false,false,false,false,"",false,false,false,"","","",""
true,"mp_weapon_g2_paintball_blueset","main_weapon","mp_weapon_g2","paintball optic_ranged_aog_variable bullets_mag_l2 barrel_stabilizer_l2 stock_sniper_l2","sight mag barrel grip hopup","marksman blueset",0,2,"PING_WEAPON_G7_RAMPARTSPECIAL","","","",0,"","survival_loot_pickup_weapon_g2","survival_loot_pickup_3p_weapon_g2","","","",1,1,"","","",0,0,20,false,false,false,false,"",false,false,false,"","","",""
true,"mp_weapon_hemlok_paintball_blueset","main_weapon","mp_weapon_hemlok","paintball optic_cq_hcog_bruiser highcal_mag_l2 barrel_stabilizer_l2 stock_tactical_l2","sight mag barrel grip hopup","assault blueset",0,2,"PING_WEAPON_HEMLOK_RAMPARTSPECIAL","","","",0,"","survival_loot_pickup_weapon_hemlok","survival_loot_pickup_3p_weapon_hemlok","","","",1,1,"","","",0,0,20,false,false,false,false,"",false,false,false,"","","",""
true,"mp_weapon_r97_paintball_blueset","main_weapon","mp_weapon_r97","paintball optic_cq_hcog_classic bullets_mag_l2 laser_sight_l2 stock_tactical_l2","sight mag barrel grip hopup","smg blueset",0,2,"PING_WEAPON_R97_RAMPARTSPECIAL","","","",0,"","survival_loot_pickup_weapon_r97","survival_loot_pickup_3p_weapon_r97","","","",1,1,"","","",0,0,20,false,false,false,false,"",false,false,false,"","","",""
true,"mp_weapon_mastiff_paintball_blueset","main_weapon","mp_weapon_mastiff","paintball optic_cq_hcog_classic shotgun_bolt_l2 stock_tactical_l2","sight mag grip hopup","shotgun blueset",0,2,"PING_WEAPON_MASTIFF_RAMPARTSPECIAL","","","",0,"","survival_loot_pickup_weapon_mastiff","survival_loot_pickup_3p_weapon_mastiff","","","",1,1,"","","",0,0,20,false,false,false,false,"",false,false,false,"","","",""
true,"mp_weapon_3030_paintball_blueset","main_weapon","mp_weapon_3030","paintball optic_cq_hcog_bruiser highcal_mag_l2 stock_sniper_l2","sight mag grip hopup","marksman blueset",0,2,"PING_WEAPON_3030_RAMPARTSPECIAL","","","",0,"","survival_loot_pickup_weapon_3030","survival_loot_pickup_3p_weapon_3030","","","",1,1,"","","",0,0,20,false,false,false,false,"",false,false,false,"","","",""
true,"mp_weapon_autopistol_paintball_purpleset","main_weapon","mp_weapon_autopistol","paintball optic_cq_hcog_classic  bullets_mag_l3 laser_sight_l3","sight mag barrel hopup","pistol purpleset",0,3,"PING_WEAPON_AUTOPISTOL_RAMPARTSPECIAL","","","",0,"","survival_loot_pickup_weapon_autopistol","survival_loot_pickup_3p_weapon_autopistol","","","",1,1,"","","",0,0,20,false,false,false,false,"",false,false,false,"","","",""
true,"mp_weapon_3030_paintball_purpleset","main_weapon","mp_weapon_3030","paintball optic_ranged_aog_variable highcal_mag_l3 stock_sniper_l3","sight mag grip hopup","marksman purpleset",0,3,"PING_WEAPON_3030_RAMPARTSPECIAL","","","",0,"","survival_loot_pickup_weapon_3030","survival_loot_pickup_3p_weapon_3030","","","",1,1,"","","",0,0,20,false,false,false,false,"",false,false,false,"","","",""
true,"mp_weapon_wingman_paintball_purpleset","main_weapon","mp_weapon_wingman","paintball optic_cq_hcog_classic sniper_mag_l3","sight mag hopup","pistol purpleset",0,3,"PING_WEAPON_WINGMAN_RAMPARTSPECIAL","","","",0,"","survival_loot_pickup_weapon_wingman","survival_loot_pickup_3p_weapon_wingman","","","",1,1,"","","",0,0,20,false,false,false,false,"",false,false,false,"","","",""
true,"mp_weapon_shotgun_paintball_purpleset","main_weapon","mp_weapon_shotgun","paintball shotgun_bolt_l3 optic_cq_hcog_classic stock_tactical_l3","sight mag grip hopup","shotgun purpleset",0,3,"PING_WEAPON_EVA_RAMPARTSPECIAL","","","",0,"","survival_loot_pickup_weapon_shotgun","survival_loot_pickup_3p_weapon_shotgun","","","",1,1,"","","",0,0,20,false,false,false,false,"",false,false,false,"","","",""
true,"mp_weapon_lmg_paintball_purpleset","main_weapon","mp_weapon_lmg","paintball optic_cq_hcog_bruiser stock_tactical_l3 bullets_mag_l3 barrel_stabilizer_l3","sight grip mag barrel hopup","lmg purpleset",0,3,"PING_WEAPON_SPITFIRE_RAMPARTSPECIAL","","","",0,"","survival_loot_pickup_weapon_lmg","survival_loot_pickup_3p_weapon_lmg","","","",1,1,"","","",0,0,20,false,false,false,false,"",false,false,false,"","","",""
true,"mp_weapon_dragon_lmg_paintball_purpleset","main_weapon","mp_weapon_dragon_lmg","paintball optic_cq_hcog_bruiser barrel_stabilizer_l3 stock_tactical_l3 highcal_mag_l3","sight barrel grip mag hopup","lmg purpleset",0,3,"PING_WEAPON_DRAGON_RAMPARTSPECIAL","","","",0,"","survival_loot_pickup_weapon_lmg","survival_loot_pickup_3p_weapon_lmg","","","",1,1,"","","",0,0,20,false,false,false,false,"",false,false,false,"","","",""
true,"mp_weapon_vinson_paintball_purpleset","main_weapon","mp_weapon_vinson","paintball optic_cq_hcog_bruiser highcal_mag_l3 stock_tactical_l3","sight mag grip hopup","assault purpleset",0,3,"PING_WEAPON_FLATLINE_RAMPARTSPECIAL","","","",0,"","survival_loot_pickup_weapon_vinson","survival_loot_pickup_3p_weapon_vinson","","","",1,1,"","","",0,0,20,false,false,false,false,"",false,false,false,"","","",""
true,"mp_weapon_pdw_paintball_purpleset","main_weapon","mp_weapon_pdw","paintball optic_cq_hcog_classic highcal_mag_l3 laser_sight_l3 stock_tactical_l3","sight mag barrel grip hopup","smg purpleset",0,3,"PING_WEAPON_PROWLER_RAMPARTSPECIAL","","","",0,"","survival_loot_pickup_weapon_mastiff","survival_loot_pickup_3p_weapon_mastiff","","","",1,1,"","","",0,0,20,false,false,false,false,"",false,false,false,"","","",""
true,"mp_weapon_dmr_paintball_purpleset","main_weapon","mp_weapon_dmr","paintball optic_sniper_variable sniper_mag_l3 barrel_stabilizer_l3 stock_sniper_l3","sight mag barrel grip hopup","sniper purpleset",0,3,"PING_WEAPON_DMR_RAMPARTSPECIAL","","","",0,"","survival_loot_pickup_weapon_dmr","survival_loot_pickup_3p_weapon_dmr","","","",1,1,"","","",0,0,20,false,false,false,false,"",false,false,false,"","","",""
true,"mp_weapon_3030_paintball_gold","main_weapon","mp_weapon_3030","paintball optic_ranged_aog_variable highcal_mag_l3 stock_sniper_l3","sight mag grip hopup","marksman gold",0,4,"PING_WEAPON_3030_RAMPARTSPECIAL","","","",0,"","survival_loot_pickup_weapon_3030","survival_loot_pickup_3p_weapon_3030","","","",1,1,"","","",0,0,20,false,false,false,false,"",false,false,false,"","","",""
true,"mp_weapon_dragon_lmg_paintball_gold","main_weapon","mp_weapon_dragon_lmg","paintball optic_cq_hcog_bruiser barrel_stabilizer_l3 stock_tactical_l3 highcal_mag_l3","sight barrel grip mag hopup","lmg gold",0,4,"PING_WEAPON_DRAGON_RAMPARTSPECIAL","","","",0,"","survival_loot_pickup_weapon_lmg","survival_loot_pickup_3p_weapon_lmg","","","",1,1,"","","",0,0,20,false,false,false,false,"",false,false,false,"","","",""
true,"mp_weapon_autopistol_paintball_gold","main_weapon","mp_weapon_autopistol","paintball optic_cq_hcog_classic bullets_mag_l3 laser_sight_l3","sight mag barrel hopup","pistol gold",0,4,"PING_WEAPON_AUTOPISTOL_RAMPARTSPECIAL","","","",0,"","survival_loot_pickup_weapon_autopistol","survival_loot_pickup_3p_weapon_autopistol","","","",1,1,"","","",0,0,20,false,false,false,false,"",false,false,false,"","","",""
true,"mp_weapon_semipistol_paintball_gold","main_weapon","mp_weapon_semipistol","paintball optic_cq_hcog_classic bullets_mag_l3 laser_sight_l3","sight mag barrel hopup","pistol gold",0,4,"PING_WEAPON_SEMIPISTOL_RAMPARTSPECIAL","","","",0,"","survival_loot_pickup_weapon_semipistol","survival_loot_pickup_3p_weapon_semipistol","","","",1,1,"","","",0,0,20,false,false,false,false,"",false,false,false,"","","",""
true,"mp_weapon_shotgun_pistol_paintball_gold","main_weapon","mp_weapon_shotgun_pistol","paintball optic_cq_hcog_classic shotgun_bolt_l3","sight mag hopup","pistol gold",0,4,"PING_WEAPON_MOZAMBIQUE_RAMPARTSPECIAL","","","",0,"","survival_loot_pickup_weapon_shotgun","survival_loot_pickup_3p_weapon_shotgun","","","",1,1,"","","",0,0,20,false,false,false,false,"",false,false,false,"","","",""
true,"mp_weapon_wingman_paintball_gold","main_weapon","mp_weapon_wingman","paintball optic_cq_hcog_classic sniper_mag_l3","sight mag hopup","pistol gold",0,4,"PING_WEAPON_WINGMAN_RAMPARTSPECIAL","","","",0,"","survival_loot_pickup_weapon_wingman","survival_loot_pickup_3p_weapon_wingman","","","",1,1,"","","",0,0,20,false,false,false,false,"",false,false,false,"","","",""
true,"mp_weapon_shotgun_paintball_gold","main_weapon","mp_weapon_shotgun","paintball optic_cq_hcog_classic shotgun_bolt_l3 stock_tactical_l3","sight mag hopup grip","shotgun gold",0,4,"PING_WEAPON_EVA_RAMPARTSPECIAL","","","",0,"","survival_loot_pickup_weapon_shotgun","survival_loot_pickup_3p_weapon_shotgun","","","",1,1,"","","",0,0,20,false,false,false,false,"",false,false,false,"","","",""
true,"mp_weapon_mastiff_paintball_gold","main_weapon","mp_weapon_mastiff","paintball optic_cq_hcog_classic shotgun_bolt_l3 stock_tactical_l3","sight mag hopup grip","shotgun gold",0,4,"PING_WEAPON_MASTIFF_RAMPARTSPECIAL","","","",0,"","survival_loot_pickup_weapon_mastiff","survival_loot_pickup_3p_weapon_mastiff","","","",1,1,"","","",0,0,20,false,false,false,false,"",false,false,false,"","","",""
true,"mp_weapon_pdw_paintball_gold","main_weapon","mp_weapon_pdw","paintball optic_cq_hcog_classic highcal_mag_l3 laser_sight_l3 stock_tactical_l3","sight mag barrel grip hopup","smg gold",0,4,"PING_WEAPON_PROWLER_RAMPARTSPECIAL","","","",0,"","survival_loot_pickup_weapon_mastiff","survival_loot_pickup_3p_weapon_mastiff","","","",1,1,"","","",0,0,20,false,false,false,false,"",false,false,false,"","","",""
true,"mp_weapon_r97_paintball_gold","main_weapon","mp_weapon_r97","paintball optic_cq_hcog_classic bullets_mag_l3 laser_sight_l3 stock_tactical_l3","sight mag barrel grip hopup","smg gold",0,4,"PING_WEAPON_R97_RAMPARTSPECIAL","","","",0,"","survival_loot_pickup_weapon_r97","survival_loot_pickup_3p_weapon_r97","","","",1,1,"","","",0,0,20,false,false,false,false,"",false,false,false,"","","",""
true,"mp_weapon_vinson_paintball_gold","main_weapon","mp_weapon_vinson","paintball optic_cq_hcog_bruiser highcal_mag_l3 stock_tactical_l3","sight mag grip hopup","assault gold",0,4,"PING_WEAPON_FLATLINE_RAMPARTSPECIAL","","","",0,"","survival_loot_pickup_weapon_vinson","survival_loot_pickup_3p_weapon_vinson","","","",1,1,"","","",0,0,20,false,false,false,false,"",false,false,false,"","","",""
true,"mp_weapon_hemlok_paintball_gold","main_weapon","mp_weapon_hemlok","paintball optic_cq_hcog_bruiser highcal_mag_l3 barrel_stabilizer_l3 stock_tactical_l3","sight mag barrel grip hopup","assault gold",0,4,"PING_WEAPON_HEMLOK_RAMPARTSPECIAL","","","",0,"","survival_loot_pickup_weapon_hemlok","survival_loot_pickup_3p_weapon_hemlok","","","",1,1,"","","",0,0,20,false,false,false,false,"",false,false,false,"","","",""
true,"mp_weapon_rspn101_paintball_gold","main_weapon","mp_weapon_rspn101","paintball optic_cq_hcog_bruiser bullets_mag_l3 barrel_stabilizer_l3 stock_tactical_l3","sight mag barrel grip hopup","assault gold",0,4,"PING_WEAPON_R201_RAMPARTSPECIAL","","","",0,"","survival_loot_pickup_weapon_rspn101","survival_loot_pickup_3p_weapon_rspn101","","","",1,1,"","","",0,0,20,false,false,false,false,"",false,false,false,"","","",""
true,"mp_weapon_g2_paintball_gold","main_weapon","mp_weapon_g2","paintball optic_ranged_aog_variable bullets_mag_l3 barrel_stabilizer_l3 stock_sniper_l3","sight mag barrel grip hopup","marksman gold",0,4,"PING_WEAPON_G7_RAMPARTSPECIAL","","","",0,"","survival_loot_pickup_weapon_g2","survival_loot_pickup_3p_weapon_g2","","","",1,1,"","","",0,0,20,false,false,false,false,"",false,false,false,"","","",""
true,"mp_weapon_dmr_paintball_gold","main_weapon","mp_weapon_dmr","paintball optic_sniper_threat sniper_mag_l3 barrel_stabilizer_l3 stock_sniper_l3","sight mag barrel grip hopup","sniper gold",0,4,"PING_WEAPON_DMR_RAMPARTSPECIAL","","","",0,"","survival_loot_pickup_weapon_dmr","survival_loot_pickup_3p_weapon_dmr","","","",1,1,"","","",0,0,20,false,false,false,false,"",false,false,false,"","","",""
false,"health_pickup_ultimate","health","","","","",0,3,"PING_ITEM_ULTIMATE_ENERGY","","rui/hud/loot/loot_health_ultimate","mdl/weapons_r5/loot/w_loot_wep_iso_ultimate_accelerant.rmdl",0,"","survival_loot_pickup_Ultimate","survival_loot_pickup_Ultimate_3p","","#SURVIVAL_PICKUP_HEALTH_ULTIMATE","#SURVIVAL_PICKUP_HEALTH_ULTIMATE_HINT",1,1,"","","",0,0,5,true,false,false,false,"CORE",false,false,false,"","","",""
false,"health_pickup_combo_full","health","","","","",0,3,"PING_ITEM_COMBO_FULL","","rui/hud/loot/loot_stim_combo_full","mdl/weapons_r5/loot/w_loot_wep_iso_phoenix_kit_v1.rmdl",0,"","survival_loot_pickup_battery_shield","survival_loot_pickup_Battery_Shield_3p","","#SURVIVAL_PICKUP_HEALTH_COMBO_FULL","#SURVIVAL_PICKUP_HEALTH_COMBO_FULL_HINT",1,1,"","","",0,0,10,false,false,false,false,"CORE",false,false,false,"","","",""
false,"health_pickup_health_large","health","","","","",0,2,"PING_ITEM_HEALTH_LARGE","","rui/hud/loot/loot_stim_health_large","mdl/weapons_r5/loot/w_loot_wep_iso_health_main_large.rmdl",0,"","survival_loot_pickup_Medkit","survival_loot_pickup_Medkit_3P","","#SURVIVAL_PICKUP_HEALTH_LARGE","#SURVIVAL_PICKUP_HEALTH_LARGE_HINT",1,2,"","","",0,0,10,true,false,false,false,"CORE",false,false,false,"INVENTORY_NEED_HEALTH","","",""
false,"health_pickup_health_small","health","","","","",0,1,"PING_ITEM_HEALTH_SMALL","","rui/hud/loot/loot_stim_health_small","mdl/weapons_r5/loot/w_loot_wep_iso_health_main_small.rmdl",0,"","survival_loot_pickup_Medkit","survival_loot_pickup_Medkit_3P","","#SURVIVAL_PICKUP_HEALTH_SMALL","#SURVIVAL_PICKUP_HEALTH_SMALL_HINT",2,6,"","","",0,0,5,true,false,false,false,"CORE",false,false,false,"INVENTORY_NEED_HEALTH","","",""
false,"health_pickup_combo_large","health","","","","",0,2,"PING_ITEM_SHIELD_LARGE","","rui/hud/loot/loot_stim_shield_large","mdl/weapons_r5/loot/w_loot_wep_iso_shield_battery_large.rmdl",0,"","survival_loot_pickup_battery_shield","survival_loot_pickup_Battery_Shield_3p","","#SURVIVAL_PICKUP_HEALTH_COMBO_LARGE","#SURVIVAL_PICKUP_HEALTH_COMBO_LARGE_HINT",1,2,"","","",0,0,10,false,false,false,false,"CORE",false,false,false,"INVENTORY_NEED_SHIELDS","","",""
false,"health_pickup_combo_small","health","","","","",0,1,"PING_ITEM_SHIELD_SMALL","","rui/hud/loot/loot_stim_shield_small","mdl/weapons_r5/loot/w_loot_wep_iso_shield_battery_small.rmdl",0,"","survival_loot_pickup_battery_shield","survival_loot_pickup_Battery_Shield_3p","","#SURVIVAL_PICKUP_HEALTH_COMBO_SMALL","#SURVIVAL_PICKUP_HEALTH_COMBO_SMALL_HINT",2,6,"","","",0,0,5,false,false,false,false,"CORE",false,false,false,"INVENTORY_NEED_SHIELDS","","",""
false,"helmet_pickup_lv1","helmet","","","","",0,1,"PING_EQUIPMENT_HELMET_1","","rui/hud/loot/loot_helmet_1","mdl/weapons_r5/loot/_master/w_loot_cha_shield_upgrade_head.rmdl",0,"","survival_loot_pickup_suits_lvl_01","survival_loot_pickup_3p_suits_lvl_01","weapon_sentryfragdrone_throw_1p","#SURVIVAL_PICKUP_HELMET_1","#SURVIVAL_PICKUP_HELMET_1_HINT",1,1,"","","",0,0,10,false,false,false,false,"",false,false,false,"","","",""
false,"helmet_pickup_lv2","helmet","","","","",0,2,"PING_EQUIPMENT_HELMET_2","","rui/hud/loot/loot_helmet_2","mdl/weapons_r5/loot/_master/w_loot_cha_shield_upgrade_head.rmdl",0,"","survival_loot_pickup_suits_lvl_02","survival_loot_pickup_3p_suits_lvl_02","weapon_sentryfragdrone_throw_1p","#SURVIVAL_PICKUP_HELMET_2","#SURVIVAL_PICKUP_HELMET_2_HINT",1,1,"","","",0,0,10,false,false,false,false,"",false,false,false,"","","",""
false,"helmet_pickup_lv3","helmet","","","","",0,3,"PING_EQUIPMENT_HELMET_3","","rui/hud/loot/loot_helmet_3","mdl/weapons_r5/loot/_master/w_loot_cha_shield_upgrade_head.rmdl",0,"","survival_loot_pickup_suits_lvl_03","survival_loot_pickup_3p_suits_lvl_03","weapon_sentryfragdrone_throw_1p","#SURVIVAL_PICKUP_HELMET_3","#SURVIVAL_PICKUP_HELMET_3_HINT",1,1,"","","",0,0,10,false,false,false,false,"",false,false,false,"","","",""
false,"helmet_pickup_lv4_abilities","helmet","","","","",0,4,"PING_EQUIPMENT_HELMET_4","","rui/hud/loot/loot_helmet_3","mdl/weapons_r5/loot/_master/w_loot_cha_shield_upgrade_head.rmdl",0,"","survival_loot_pickup_suits_lvl_04","survival_loot_pickup_3p_suits_lvl_04","weapon_sentryfragdrone_throw_1p","#SURVIVAL_PICKUP_HELMET_4","#SURVIVAL_PICKUP_HELMET_4_HINT",1,1,"","PAS_REDUCED_COOLDOWNS_TAC_ULT","",0,0,10,false,false,false,false,"",false,false,false,"","","",""
false,"helmet_pickup_lv4_armor_upgrade","helmet","","","","",0,4,"PING_EQUIPMENT_HELMET_4","","rui/hud/loot/loot_helmet_3","mdl/weapons_r5/loot/_master/w_loot_cha_shield_upgrade_head.rmdl",0,"","survival_loot_pickup_suits_lvl_04","survival_loot_pickup_3p_suits_lvl_04","weapon_sentryfragdrone_throw_1p","#SURVIVAL_PICKUP_HELMET_4_ARMOR_UPGRADE","#SURVIVAL_PICKUP_HELMET_4_ARMOR_UPGRADE_HINT",1,1,"","PAS_GOLD_ARMOR_UPGRADE","",0,0,10,false,false,false,false,"",false,false,false,"","","",""
false,"helmet_pickup_lv5_armor_upgrade","helmet","","","","",0,5,"PING_EQUIPMENT_HELMET_5","","rui/hud/loot/loot_helmet_3","mdl/weapons_r5/loot/_master/w_loot_cha_shield_upgrade_head.rmdl",0,"","survival_loot_pickup_suits_lvl_04","survival_loot_pickup_3p_suits_lvl_04","weapon_sentryfragdrone_throw_1p","#SURVIVAL_PICKUP_HELMET_5_ARMOR_UPGRADE","#SURVIVAL_PICKUP_HELMET_5_ARMOR_UPGRADE_HINT",1,1,"","PAS_RED_ARMOR_UPGRADE","",0,0,10,false,false,false,false,"",false,false,false,"","","",""
false,"helmet_pickup_lv5_sunglasses","helmet","","","","",0,5,"","","rui/pilot_loadout/mods/heatwave_sunglasses","mdl/weapons_r5/misc_eyewear/sunglasses_01/dmx/w_s16_sunglasses.rmdl",0,"","survival_loot_pickup_suits_lvl_04","survival_loot_pickup_3p_suits_lvl_04","weapon_sentryfragdrone_throw_1p","#SURVIVAL_PICKUP_HELMET_5_SUNGLASSES","#SURVIVAL_PICKUP_HELMET_5_SUNGLASSES_HINT",1,1,"","","",0,0,10,false,false,false,false,"EVENT",false,false,false,"","","",""
false,"armor_pickup_lv0","armor","","","","",0,0,"PING_EQUIPMENT_ARMOR_1","","rui/hud/loot/loot_armor_1","mdl/weapons_r5/loot/_master/w_loot_cha_shield_upgrade_body.rmdl",0,"","survival_loot_pickup_suits_lvl_01","survival_loot_pickup_3p_suits_lvl_01","weapon_sentryfragdrone_throw_1p","#SURVIVAL_PICKUP_ARMOR_1","#SURVIVAL_PICKUP_ARMOR_0_HINT",1,1,"","","",0,0,20,false,false,false,false,"CORE",false,false,false,"","","",""
false,"armor_pickup_lv1","armor","","","","",0,1,"PING_EQUIPMENT_ARMOR_1","","rui/hud/loot/loot_armor_1","mdl/weapons_r5/loot/_master/w_loot_cha_shield_upgrade_body.rmdl",0,"","survival_loot_pickup_suits_lvl_01","survival_loot_pickup_3p_suits_lvl_01","weapon_sentryfragdrone_throw_1p","#SURVIVAL_PICKUP_ARMOR_1","#SURVIVAL_PICKUP_ARMOR_1_HINT",1,1,"","","",0,0,20,false,false,false,false,"CORE",false,false,false,"","","",""
false,"armor_pickup_lv2","armor","","","","",0,2,"PING_EQUIPMENT_ARMOR_2","","rui/hud/loot/loot_armor_2","mdl/weapons_r5/loot/_master/w_loot_cha_shield_upgrade_body.rmdl",0,"","survival_loot_pickup_suits_lvl_02","survival_loot_pickup_3p_suits_lvl_02","weapon_sentryfragdrone_throw_1p","#SURVIVAL_PICKUP_ARMOR_2","#SURVIVAL_PICKUP_ARMOR_2_HINT",1,1,"","","",0,0,20,false,false,false,false,"CORE",false,false,false,"","","",""
false,"armor_pickup_lv3","armor","","","","",0,3,"PING_EQUIPMENT_ARMOR_3","","rui/hud/loot/loot_armor_3","mdl/weapons_r5/loot/_master/w_loot_cha_shield_upgrade_body.rmdl",0,"","survival_loot_pickup_suits_lvl_03","survival_loot_pickup_3p_suits_lvl_03","weapon_sentryfragdrone_throw_1p","#SURVIVAL_PICKUP_ARMOR_3","#SURVIVAL_PICKUP_ARMOR_3_HINT",1,1,"","","",0,0,20,false,false,false,false,"CORE",false,false,false,"","","",""
false,"armor_pickup_lv4_all_fast","armor","","","","",0,4,"PING_EQUIPMENT_ARMOR_4","","rui/hud/loot/loot_armor_3","mdl/weapons_r5/loot/_master/w_loot_cha_shield_upgrade_body.rmdl",0,"","survival_loot_pickup_suits_lvl_04","survival_loot_pickup_3p_suits_lvl_04","weapon_sentryfragdrone_throw_1p","#SURVIVAL_PICKUP_ARMOR_4","#SURVIVAL_PICKUP_ARMOR_4_HINT",1,1,"","PAS_BONUS_SMALL_HEAL","",0,0,20,false,false,false,false,"CORE",false,false,false,"","","",""
false,"armor_pickup_lv0_evolving","armor","","","","",0,0,"","","rui/hud/loot/loot_armor_evo_1","mdl/weapons_r5/loot/_master/w_loot_cha_shield_upgrade_body.rmdl",0,"","survival_loot_pickup_suits_lvl_01","survival_loot_pickup_3p_suits_lvl_01","weapon_sentryfragdrone_throw_1p","#SURVIVAL_PICKUP_ARMOR_EVOLVING","",1,1,"","","",0,0,20,false,false,false,true,"CORE",false,false,false,"","","",""
false,"armor_pickup_lv1_evolving","armor","","","","",0,1,"PING_EQUIPMENT_ARMOR_1_EVO","","rui/hud/loot/loot_armor_evo_1","mdl/weapons_r5/loot/_master/w_loot_cha_shield_upgrade_body.rmdl",0,"","survival_loot_pickup_suits_lvl_01","survival_loot_pickup_3p_suits_lvl_01","weapon_sentryfragdrone_throw_1p","#SURVIVAL_PICKUP_ARMOR_EVOLVING","#SURVIVAL_PICKUP_ARMOR_E1_HINT",1,1,"","","",0,0,20,false,false,false,false,"CORE",false,false,false,"","","",""
false,"armor_pickup_lv2_evolving","armor","","","","",0,2,"PING_EQUIPMENT_ARMOR_2_EVO","","rui/hud/loot/loot_armor_evo_1","mdl/weapons_r5/loot/_master/w_loot_cha_shield_upgrade_body.rmdl",0,"","survival_loot_pickup_suits_lvl_02","survival_loot_pickup_3p_suits_lvl_02","weapon_sentryfragdrone_throw_1p","#SURVIVAL_PICKUP_ARMOR_EVOLVING","#SURVIVAL_PICKUP_ARMOR_E2_HINT",1,1,"","","",0,0,20,false,false,false,false,"CORE",false,false,false,"","","",""
false,"armor_pickup_lv3_evolving","armor","","","","",0,3,"PING_EQUIPMENT_ARMOR_3_EVO","","rui/hud/loot/loot_armor_evo_1","mdl/weapons_r5/loot/_master/w_loot_cha_shield_upgrade_body.rmdl",0,"","survival_loot_pickup_suits_lvl_03","survival_loot_pickup_3p_suits_lvl_03","weapon_sentryfragdrone_throw_1p","#SURVIVAL_PICKUP_ARMOR_EVOLVING","#SURVIVAL_PICKUP_ARMOR_E3_HINT",1,1,"","","",0,0,20,false,false,false,false,"CORE",false,false,false,"","","",""
false,"armor_pickup_lv5_evolving","armor","","","","",0,5,"PING_EQUIPMENT_ARMOR_5_EVO","","rui/hud/loot/loot_armor_evo_1","mdl/weapons_r5/loot/_master/w_loot_cha_shield_upgrade_body.rmdl",0,"","survival_loot_pickup_suits_lvl_04","survival_loot_pickup_3p_suits_lvl_04","weapon_sentryfragdrone_throw_1p","#SURVIVAL_PICKUP_ARMOR_EVOLVING","#SURVIVAL_PICKUP_ARMOR_E4_HINT",1,1,"","","",0,0,20,false,false,false,false,"CORE",false,false,false,"","","",""
false,"armor_core_pickup_lv1","armor","","","","",0,1,"PING_EQUIPMENT_SHIELD_CORE_1","","rui/hud/loot/loot_upgrade_core_1","mdl/props/loot_wep_iso_armor/w_loot_wep_iso_armor_core_01.rmdl",0,"","survival_loot_pickup_suits_lvl_01","survival_loot_pickup_3p_suits_lvl_01","weapon_sentryfragdrone_throw_1p","#SURVIVAL_PICKUP_ARMOR_CORE","#SURVIVAL_PICKUP_ARMOR_CORE_HINT",1,1,"","","",0,0,20,false,false,false,false,"CORE",false,false,false,"","","",""
false,"armor_core_pickup_lv2","armor","","","","",0,2,"PING_EQUIPMENT_SHIELD_CORE_2","","rui/hud/loot/loot_upgrade_core_2","mdl/props/loot_wep_iso_armor/w_loot_wep_iso_armor_core_01.rmdl",0,"","survival_loot_pickup_suits_lvl_02","survival_loot_pickup_3p_suits_lvl_02","weapon_sentryfragdrone_throw_1p","#SURVIVAL_PICKUP_ARMOR_CORE","#SURVIVAL_PICKUP_ARMOR_CORE_HINT",1,1,"","","",0,0,20,false,false,false,false,"CORE",false,false,false,"","","",""
false,"armor_core_pickup_lv3","armor","","","","",0,3,"PING_EQUIPMENT_SHIELD_CORE_3","","rui/hud/loot/loot_upgrade_core_3","mdl/props/loot_wep_iso_armor/w_loot_wep_iso_armor_core_01.rmdl",0,"","survival_loot_pickup_suits_lvl_03","survival_loot_pickup_3p_suits_lvl_03","weapon_sentryfragdrone_throw_1p","#SURVIVAL_PICKUP_ARMOR_CORE","#SURVIVAL_PICKUP_ARMOR_CORE_HINT",1,1,"","","",0,0,20,false,false,false,false,"CORE",false,false,false,"","","",""
false,"armor_core_pickup_lv5","armor","","","","",0,5,"PING_EQUIPMENT_SHIELD_CORE_5","","rui/hud/loot/loot_upgrade_core_4","mdl/props/loot_wep_iso_armor/w_loot_wep_iso_armor_core_01.rmdl",0,"","survival_loot_pickup_suits_lvl_04","survival_loot_pickup_3p_suits_lvl_04","weapon_sentryfragdrone_throw_1p","#SURVIVAL_PICKUP_ARMOR_CORE","#SURVIVAL_PICKUP_ARMOR_CORE_HINT",1,1,"","","",0,0,20,false,false,false,false,"CORE",false,false,false,"","","",""
false,"incapshield_pickup_lv0","incapshield","","","","",0,0,"","","rui/hud/loot/loot_incapshield_1","mdl/weapons_r5/loot/w_loot_wep_iso_shield_down_v1.rmdl",0,"","survival_loot_pickup_wallrun_kit","survival_loot_pickup_3p_wallrun_kit","weapon_sentryfragdrone_throw_1p","#SURVIVAL_PICKUP_INCAPSHIELD_LV1","",1,1,"","","",0,0,10,true,false,false,true,"",false,false,false,"","","",""
false,"incapshield_pickup_lv1","incapshield","","","","",0,1,"PING_EQUIPMENT_INCAPSHIELD_1","","rui/hud/loot/loot_incapshield_1","mdl/weapons_r5/loot/w_loot_wep_iso_shield_down_v1.rmdl",0,"","survival_loot_pickup_wallrun_kit","survival_loot_pickup_3p_wallrun_kit","weapon_sentryfragdrone_throw_1p","#SURVIVAL_PICKUP_INCAPSHIELD_LV1","#SURVIVAL_PICKUP_INCAPSHIELD_LV1_HINT",1,1,"","","",0,0,10,true,false,false,false,"",false,false,false,"","","",""
false,"incapshield_pickup_lv2","incapshield","","","","",0,2,"PING_EQUIPMENT_INCAPSHIELD_2","","rui/hud/loot/loot_incapshield_1","mdl/weapons_r5/loot/w_loot_wep_iso_shield_down_v1.rmdl",0,"","survival_loot_pickup_wallrun_kit","survival_loot_pickup_3p_wallrun_kit","weapon_sentryfragdrone_throw_1p","#SURVIVAL_PICKUP_INCAPSHIELD_LV2","#SURVIVAL_PICKUP_INCAPSHIELD_LV2_HINT",1,1,"","","",0,0,10,true,false,false,false,"",false,false,false,"","","",""
false,"incapshield_pickup_lv3","incapshield","","","","",0,3,"PING_EQUIPMENT_INCAPSHIELD_3","","rui/hud/loot/loot_incapshield_1","mdl/weapons_r5/loot/w_loot_wep_iso_shield_down_v1.rmdl",0,"","survival_loot_pickup_wallrun_kit","survival_loot_pickup_3p_wallrun_kit","weapon_sentryfragdrone_throw_1p","#SURVIVAL_PICKUP_INCAPSHIELD_LV3","#SURVIVAL_PICKUP_INCAPSHIELD_LV3_HINT",1,1,"","","",0,0,10,true,false,false,false,"",false,false,false,"","","",""
false,"incapshield_pickup_lv4_selfrevive","incapshield","","","","",0,4,"PING_EQUIPMENT_INCAPSHIELD_4","","rui/hud/loot/loot_incapshield_1","mdl/weapons_r5/loot/w_loot_wep_iso_shield_down_v1.rmdl",0,"","survival_loot_pickup_wallrun_kit","survival_loot_pickup_3p_wallrun_kit","weapon_sentryfragdrone_throw_1p","#SURVIVAL_PICKUP_INCAPSHIELD_LV4","#SURVIVAL_PICKUP_INCAPSHIELD_LV4_HINT",1,1,"","PAS_GUARDIAN_ANGEL","",0,0,10,true,false,false,false,"",false,false,false,"","","",""
false,"backpack_pickup_lv1","backpack","","","","",0,1,"PING_EQUIPMENT_BACKPACK_1","","rui/hud/loot/loot_backpack_1","mdl/humans_r5/loot/w_loot_char_backpack_light.rmdl",0,"","survival_loot_pickup_backpack","survival_loot_pickup_3p_backpack","weapon_sentryfragdrone_throw_1p","#SURVIVAL_PICKUP_BACKPACK_1","#SURVIVAL_PICKUP_BACKPACK_1_HINT",1,1,"","","",0,0,10,true,false,false,false,"CORE",false,false,false,"","","",""
false,"backpack_pickup_lv2","backpack","","","","",0,2,"PING_EQUIPMENT_BACKPACK_2","","rui/hud/loot/loot_backpack_2","mdl/humans_r5/loot/w_loot_char_backpack_medium.rmdl",0,"","survival_loot_pickup_backpack","survival_loot_pickup_3p_backpack","weapon_sentryfragdrone_throw_1p","#SURVIVAL_PICKUP_BACKPACK_2","#SURVIVAL_PICKUP_BACKPACK_2_HINT",1,1,"","","",0,0,10,true,false,false,false,"CORE",false,false,false,"","","",""
false,"backpack_pickup_lv3","backpack","","","","",0,3,"PING_EQUIPMENT_BACKPACK_3","","rui/hud/loot/loot_backpack_3","mdl/humans_r5/loot/w_loot_char_backpack_heavy.rmdl",0,"","survival_loot_pickup_backpack","survival_loot_pickup_3p_backpack","weapon_sentryfragdrone_throw_1p","#SURVIVAL_PICKUP_BACKPACK_3","#SURVIVAL_PICKUP_BACKPACK_3_HINT",1,1,"","","",0,0,20,true,false,false,false,"CORE",false,false,false,"","","",""
false,"backpack_pickup_lv4_revive_boost","backpack","","","","",0,4,"PING_EQUIPMENT_BACKPACK_4","","rui/hud/loot/loot_backpack_3","mdl/humans_r5/loot/w_loot_char_backpack_heavy.rmdl",0,"","survival_loot_pickup_backpack","survival_loot_pickup_3p_backpack","weapon_sentryfragdrone_throw_1p","#SURVIVAL_PICKUP_BACKPACK_4","#SURVIVAL_PICKUP_BACKPACK_4_HINT",1,1,"","PAS_EXTRA_MED_INV","",0,0,20,true,false,false,false,"CORE",false,false,false,"","","",""
false,"mp_weapon_throwingknife","main_weapon","mp_weapon_throwingknife","","","marksman",0,5,"PING_WEAPON_THROWINGKNIFE","rui/hud/gametype_icons/survival/sur_ammo_knife","","mdl/techart/mshop/weapons/class/cqc/throwingknife/throwingknife_base_w.rmdl",0,"","weapon_ThrowingKnife_pickup","weapon_ThrowingKnife_pickup_3p","","","",1,1,"","","",0,0,5,true,false,false,false,"CORE",false,false,false,"","","",""
false,"mp_weapon_thermite_grenade","ordnance","","","","",0,1,"PING_OFFHAND_GRENADE_FIRESTAR","","rui/ordnance_icons/grenade_incendiary","mdl/weapons/grenades/w_thermite_grenade.rmdl",0,"","survival_loot_pickup_ArcBlade","survival_loot_pickup_3p_ArcBlade","","","",1,1,"","","",0,0,5,false,false,false,false,"CORE",false,false,false,"INVENTORY_NEED_THERMITE","","",""
false,"mp_weapon_frag_grenade","ordnance","","","","",0,1,"PING_OFFHAND_GRENADE_FRAG","","rui/ordnance_icons/grenade_frag","mdl/weapons/grenades/w_loot_m20_f_grenade_projectile.rmdl",0,"","survival_loot_pickup_ordanance","survival_loot_pickup_3p_ordanance","","","",1,1,"","","",0,0,5,false,false,false,false,"CORE",false,false,false,"INVENTORY_NEED_FRAG","","",""
false,"mp_weapon_grenade_emp","ordnance","","","","",0,1,"PING_OFFHAND_GRENADE_ARC","","rui/ordnance_icons/grenade_arc","mdl/weapons_r5/loot/w_loot_wep_iso_shuriken.rmdl",0,"","survival_loot_pickup_ArcBlade","survival_loot_pickup_3p_ArcBlade","","","",1,1,"","","",0,0,5,true,false,false,false,"CORE",false,false,false,"INVENTORY_NEED_ARCSTAR","","",""
false,"optic_cq_hcog_classic","attachment","","","","",0,1,"PING_ATTACHMENT_OPTIC_CQ_HCOG_1","","rui/weapon_icons/attachments/hcog","mdl/weapons_r5/loot/_master/w_loot_wep_mods_optic_cq_hcog_r1.rmdl",1,"survival_loot_attach_hcog","survival_loot_pickup_attachments","survival_loot_pickup_3p_attachments","","","",1,1,"","","",0,0,5,false,false,false,false,"CORE",false,false,false,"","","",""
false,"optic_cq_hcog_bruiser","attachment","","","","",0,2,"PING_ATTACHMENT_OPTIC_CQ_HCOG_2","","rui/weapon_icons/attachments/hcog_bruiser","mdl/weapons_r5/loot/_master/w_loot_wep_mods_optic_cq_hcog_r2.rmdl",2,"survival_loot_attach_hcog","survival_loot_pickup_attachments","survival_loot_pickup_3p_attachments","","","",1,1,"","","",0,0,5,false,false,false,false,"CORE",false,false,false,"","","",""
false,"optic_cq_holosight","attachment","","","","",0,1,"PING_ATTACHMENT_OPTIC_CQ_HOLOSIGHT_1","","rui/weapon_icons/attachments/holosight","mdl/weapons_r5/loot/_master/w_loot_wep_mods_optic_cq_holo_var.rmdl",1,"survival_loot_attach_holosight","survival_loot_pickup_attachments","survival_loot_pickup_3p_attachments","","","",1,1,"","","",0,0,5,false,false,false,false,"CORE",false,false,false,"","","",""
false,"optic_cq_holosight_variable","attachment","","","","",0,2,"PING_ATTACHMENT_OPTIC_CQ_HOLOSIGHT_2","","rui/weapon_icons/attachments/1x_2x_variable_holosight","mdl/weapons_r5/loot/_master/w_loot_wep_mods_optic_cq_holo_var_2x.rmdl",2,"survival_loot_attach_holosight","survival_loot_pickup_attachments","survival_loot_pickup_3p_attachments","","","",1,1,"","","",0,0,5,false,false,false,false,"CORE",false,false,false,"","","",""
false,"optic_cq_threat","attachment","","","","",0,4,"PING_ATTACHMENT_OPTIC_CQ_THREAT","","rui/weapon_icons/attachments/threat_scope","mdl/weapons_r5/loot/_master/w_loot_wep_mods_optic_cq_threat.rmdl",3,"survival_loot_attach_threat_scope","survival_loot_pickup_attachments","survival_loot_pickup_3p_attachments","","","#SURVIVAL_PICKUP_THREAT_SCOPE_HINT",1,1,"","","",0,0,5,false,false,false,false,"CORE",false,false,false,"","","",""
false,"optic_ranged_hcog","attachment","","","","",0,3,"PING_ATTACHMENT_OPTIC_RANGED_HCOG","","rui/weapon_icons/attachments/hcog_ranged","mdl/weapons_r5/loot/_master/w_loot_wep_mods_optic_rng_hcog_acgs.rmdl",3,"survival_loot_attach_hcog","survival_loot_pickup_attachments","survival_loot_pickup_3p_attachments","","","",1,1,"","","",0,0,5,false,false,false,false,"CORE",false,false,false,"","","",""
false,"optic_ranged_aog_variable","attachment","","","","",0,3,"PING_ATTACHMENT_OPTIC_RANGED_AOG","","rui/weapon_icons/attachments/2x_4x_variable_aog","mdl/weapons_r5/loot/_master/w_loot_wep_mods_optic_rng_aog_var_r1.rmdl",3,"survival_loot_attach_aog","survival_loot_pickup_attachments","survival_loot_pickup_3p_attachments","","","",1,1,"","","",0,0,5,false,false,false,false,"CORE",false,false,false,"","","",""
false,"optic_sniper","attachment","","","","",0,2,"PING_ATTACHMENT_OPTIC_SNIPER","","rui/weapon_icons/attachments/4x_sniper","mdl/weapons_r5/loot/_master/w_loot_wep_mods_optic_sni_dcom.rmdl",3,"survival_loot_attach_aog","survival_loot_pickup_attachments","survival_loot_pickup_3p_attachments","","","",1,1,"","","",0,0,5,false,false,false,false,"CORE",false,false,false,"","","",""
false,"optic_sniper_variable","attachment","","","","",0,3,"PING_ATTACHMENT_OPTIC_SNIPER_VARIABLE","","rui/weapon_icons/attachments/4x_8x_variable_sniper","mdl/weapons_r5/loot/_master/w_loot_wep_mods_optic_sni_var_talon.rmdl",3,"survival_loot_attach_aog","survival_loot_pickup_attachments","survival_loot_pickup_3p_attachments","","","",1,1,"","","",0,0,5,false,false,false,false,"CORE",false,false,false,"","","",""
false,"optic_sniper_threat","attachment","","","","",0,4,"PING_ATTACHMENT_OPTIC_SNIPER_THREAT","","rui/weapon_icons/attachments/8x_threat_sniper","mdl/weapons_r5/loot/_master/w_loot_wep_mods_optic_sni_threat_wyeon.rmdl",4,"survival_loot_attach_aog","survival_loot_pickup_attachments","survival_loot_pickup_3p_attachments","","","",1,1,"","","",0,0,5,false,false,false,false,"CORE",false,false,false,"","","",""
false,"barrel_stabilizer_l1","attachment","","","","",0,1,"PING_ATTACHMENT_BARREL_STABILIZER_1","","rui/pilot_loadout/mods/barrel_stabilizer","mdl/weapons_r5/loot/_master/w_loot_wep_mods_suppr_v2b.rmdl",2,"survival_loot_attach_stabilizer","survival_loot_pickup_attachments","survival_loot_pickup_3p_attachments","","","",1,1,"","","",0,0,5,false,false,false,false,"CORE",false,false,false,"","","",""
false,"barrel_stabilizer_l2","attachment","","","","",0,2,"PING_ATTACHMENT_BARREL_STABILIZER_2","","rui/pilot_loadout/mods/barrel_stabilizer","mdl/weapons_r5/loot/_master/w_loot_wep_mods_suppr_v2b.rmdl",2,"survival_loot_attach_stabilizer","survival_loot_pickup_attachments","survival_loot_pickup_3p_attachments","","","",1,1,"","","",0,0,5,false,false,false,false,"CORE",false,false,false,"","","",""
false,"barrel_stabilizer_l3","attachment","","","","",0,3,"PING_ATTACHMENT_BARREL_STABILIZER_3","","rui/pilot_loadout/mods/barrel_stabilizer","mdl/weapons_r5/loot/_master/w_loot_wep_mods_suppr_v2b.rmdl",3,"survival_loot_attach_stabilizer","survival_loot_pickup_attachments","survival_loot_pickup_3p_attachments","","","",1,1,"","","",0,0,5,false,false,false,false,"CORE",false,false,false,"","","",""
false,"barrel_hemlok_elite","attachment","","","","",0,1,"","","rui/pilot_loadout/mods/barrel_stabilizer","mdl/weapons_r5/loot/_master/w_loot_wep_mods_suppr_v2b.rmdl",3,"survival_loot_attach_stabilizer","survival_loot_pickup_attachments","survival_loot_pickup_3p_attachments","","","",1,1,"","","",0,0,5,false,false,false,false,"",false,true,true,"","","",""
false,"laser_sight_l1","attachment","","","","",0,1,"PING_ATTACHMENT_LASER_SIGHT_1","","rui/pilot_loadout/mods/laser_sight","mdl/weapons_r5/loot/_master/w_loot_wep_mods_lasersight_v1.rmdl",0,"survival_loot_attach_laser","survival_loot_pickup_attachments","survival_loot_pickup_3p_attachments","","","",1,1,"","","",0,0,5,false,false,false,false,"CORE",false,false,false,"","","",""
false,"laser_sight_l2","attachment","","","","",0,2,"PING_ATTACHMENT_LASER_SIGHT_2","","rui/pilot_loadout/mods/laser_sight","mdl/weapons_r5/loot/_master/w_loot_wep_mods_lasersight_v1.rmdl",0,"survival_loot_attach_laser","survival_loot_pickup_attachments","survival_loot_pickup_3p_attachments","","","",1,1,"","","",0,0,5,false,false,false,false,"CORE",false,false,false,"","","",""
false,"laser_sight_l3","attachment","","","","",0,3,"PING_ATTACHMENT_LASER_SIGHT_3","","rui/pilot_loadout/mods/laser_sight","mdl/weapons_r5/loot/_master/w_loot_wep_mods_lasersight_v1.rmdl",0,"survival_loot_attach_laser","survival_loot_pickup_attachments","survival_loot_pickup_3p_attachments","","","",1,1,"","","",0,0,5,false,false,false,false,"CORE",false,false,false,"","","",""
false,laser_sight_l4,attachment,,,,,0,4,PING_ATTACHMENT_LASER_SIGHT_4,,rui/pilot_loadout/mods/laser_sight,mdl/weapons_r5/loot/_master/w_loot_wep_mods_lasersight_v1.rmdl,0,survival_loot_attach_laser,survival_loot_pickup_attachments,survival_loot_pickup_3p_attachments,,,,1,1,,,,0,0,5,false,false,false,false,CORE,false,false,false,,,,
false,"bullets_mag_l1","attachment","","","","",0,1,"PING_ATTACHMENT_MAG_BULLET_1","","rui/pilot_loadout/mods/light_mag","mdl/weapons_r5/loot/_master/w_loot_wep_mods_mag_v1b.rmdl",0,"survival_loot_attach_extended_ammo","survival_loot_pickup_attachments","survival_loot_pickup_3p_attachments","","","",1,1,"","","",0,0,5,true,false,false,false,"CORE",false,false,false,"","","",""
false,"bullets_mag_l2","attachment","","","","",0,2,"PING_ATTACHMENT_MAG_BULLET_2","","rui/pilot_loadout/mods/light_mag","mdl/weapons_r5/loot/_master/w_loot_wep_mods_mag_v1b.rmdl",0,"survival_loot_attach_extended_ammo","survival_loot_pickup_attachments","survival_loot_pickup_3p_attachments","","","",1,1,"","","",0,0,5,true,false,false,false,"CORE",false,false,false,"","","",""
false,"bullets_mag_l3","attachment","","","","",0,3,"PING_ATTACHMENT_MAG_BULLET_3","","rui/pilot_loadout/mods/light_mag","mdl/weapons_r5/loot/_master/w_loot_wep_mods_mag_v1b.rmdl",0,"survival_loot_attach_extended_ammo","survival_loot_pickup_attachments","survival_loot_pickup_3p_attachments","","","",1,1,"","","",0,0,5,true,false,false,false,"CORE",false,false,false,"","","",""
false,bullets_mag_l4,attachment,,,,,0,4,PING_ATTACHMENT_MAG_BULLET_4,,rui/pilot_loadout/mods/light_mag,mdl/weapons_r5/loot/_master/w_loot_wep_mods_mag_v1b.rmdl,0,survival_loot_attach_extended_ammo,survival_loot_pickup_attachments,survival_loot_pickup_3p_attachments,,,,1,1,,,,0,0,5,true,false,false,false,CORE,false,false,false,,,,
false,"highcal_mag_l1","attachment","","","","",0,1,"PING_ATTACHMENT_MAG_HIGHCAL_1","","rui/pilot_loadout/mods/heavy_mag","mdl/weapons_r5/loot/_master/w_loot_wep_mods_mag_v2b.rmdl",0,"survival_loot_attach_extended_ammo","survival_loot_pickup_attachments","survival_loot_pickup_3p_attachments","","","",1,1,"","","",0,0,5,true,false,false,false,"CORE",false,false,false,"","","",""
false,"highcal_mag_l2","attachment","","","","",0,2,"PING_ATTACHMENT_MAG_HIGHCAL_2","","rui/pilot_loadout/mods/heavy_mag","mdl/weapons_r5/loot/_master/w_loot_wep_mods_mag_v2b.rmdl",0,"survival_loot_attach_extended_ammo","survival_loot_pickup_attachments","survival_loot_pickup_3p_attachments","","","",1,1,"","","",0,0,5,true,false,false,false,"CORE",false,false,false,"","","",""
false,"highcal_mag_l3","attachment","","","","",0,3,"PING_ATTACHMENT_MAG_HIGHCAL_3","","rui/pilot_loadout/mods/heavy_mag","mdl/weapons_r5/loot/_master/w_loot_wep_mods_mag_v2b.rmdl",0,"survival_loot_attach_extended_ammo","survival_loot_pickup_attachments","survival_loot_pickup_3p_attachments","","","",1,1,"","","",0,0,5,true,false,false,false,"CORE",false,false,false,"","","",""
false,highcal_mag_l4,attachment,,,,,0,4,PING_ATTACHMENT_MAG_HIGHCAL_4,,rui/pilot_loadout/mods/heavy_mag,mdl/weapons_r5/loot/_master/w_loot_wep_mods_mag_v2b.rmdl,0,survival_loot_attach_extended_ammo,survival_loot_pickup_attachments,survival_loot_pickup_3p_attachments,,,,1,1,,,,0,0,5,true,false,false,false,CORE,false,false,false,,,,
false,"energy_mag_l1","attachment","","","","",0,1,"PING_ATTACHMENT_MAG_ENERGY_1","","rui/pilot_loadout/mods/energy_mag","mdl/weapons_r5/loot/_master/w_loot_wep_mods_mag_energy_v1.rmdl",0,"survival_loot_attach_extended_ammo","survival_loot_pickup_attachments","survival_loot_pickup_3p_attachments","","","",1,1,"","","",0,0,5,true,false,false,false,"CORE",false,false,false,"","","",""
false,"energy_mag_l2","attachment","","","","",0,2,"PING_ATTACHMENT_MAG_ENERGY_2","","rui/pilot_loadout/mods/energy_mag","mdl/weapons_r5/loot/_master/w_loot_wep_mods_mag_energy_v1.rmdl",0,"survival_loot_attach_extended_ammo","survival_loot_pickup_attachments","survival_loot_pickup_3p_attachments","","","",1,1,"","","",0,0,5,true,false,false,false,"CORE",false,false,false,"","","",""
false,"energy_mag_l3","attachment","","","","",0,3,"PING_ATTACHMENT_MAG_ENERGY_3","","rui/pilot_loadout/mods/energy_mag","mdl/weapons_r5/loot/_master/w_loot_wep_mods_mag_energy_v1.rmdl",0,"survival_loot_attach_extended_ammo","survival_loot_pickup_attachments","survival_loot_pickup_3p_attachments","","","",1,1,"","","",0,0,5,true,false,false,false,"CORE",false,false,false,"","","",""
false,energy_mag_l4,attachment,,,,,0,4,PING_ATTACHMENT_MAG_ENERGY_4,,rui/pilot_loadout/mods/energy_mag,mdl/weapons_r5/loot/_master/w_loot_wep_mods_mag_energy_v1.rmdl,0,survival_loot_attach_extended_ammo,survival_loot_pickup_attachments,survival_loot_pickup_3p_attachments,,,,1,1,,,,0,0,5,true,false,false,false,CORE,false,false,false,,,,
false,"sniper_mag_l1","attachment","","","","",0,1,"PING_ATTACHMENT_MAG_SNIPER_1","","rui/pilot_loadout/mods/sniper_mag","mdl/weapons_r5/loot/_master/w_loot_wep_mods_mag_sniper_v1.rmdl",0,"survival_loot_attach_extended_ammo","survival_loot_pickup_attachments","survival_loot_pickup_3p_attachments","","","",1,1,"","","",0,0,5,true,false,false,false,"CORE",false,false,false,"","","",""
false,"sniper_mag_l2","attachment","","","","",0,2,"PING_ATTACHMENT_MAG_SNIPER_2","","rui/pilot_loadout/mods/sniper_mag","mdl/weapons_r5/loot/_master/w_loot_wep_mods_mag_sniper_v1.rmdl",0,"survival_loot_attach_extended_ammo","survival_loot_pickup_attachments","survival_loot_pickup_3p_attachments","","","",1,1,"","","",0,0,5,true,false,false,false,"CORE",false,false,false,"","","",""
false,"sniper_mag_l3","attachment","","","","",0,3,"PING_ATTACHMENT_MAG_SNIPER_3","","rui/pilot_loadout/mods/sniper_mag","mdl/weapons_r5/loot/_master/w_loot_wep_mods_mag_sniper_v1.rmdl",0,"survival_loot_attach_extended_ammo","survival_loot_pickup_attachments","survival_loot_pickup_3p_attachments","","","",1,1,"","","",0,0,5,true,false,false,false,"CORE",false,false,false,"","","",""
false,sniper_mag_l4,attachment,,,,,0,4,PING_ATTACHMENT_MAG_SNIPER_4,,rui/pilot_loadout/mods/sniper_mag,mdl/weapons_r5/loot/_master/w_loot_wep_mods_mag_sniper_v1.rmdl,0,survival_loot_attach_extended_ammo,survival_loot_pickup_attachments,survival_loot_pickup_3p_attachments,,,,1,1,,,,0,0,5,true,false,false,false,CORE,false,false,false,,,,
false,"shotgun_bolt_l1","attachment","","","","",0,1,"PING_ATTACHMENT_SHOTGUN_BOLT_1","","rui/pilot_loadout/mods/shotgun_mag","mdl/weapons_r5/loot/_master/w_loot_wep_mods_mag_v3b.rmdl",0,"survival_loot_attach_extended_ammo","survival_loot_pickup_attachments","survival_loot_pickup_3p_attachments","","","",1,1,"","","",0,0,5,true,false,false,false,"CORE",false,false,false,"","","",""
false,"shotgun_bolt_l2","attachment","","","","",0,2,"PING_ATTACHMENT_SHOTGUN_BOLT_2","","rui/pilot_loadout/mods/shotgun_mag","mdl/weapons_r5/loot/_master/w_loot_wep_mods_mag_v3b.rmdl",0,"survival_loot_attach_extended_ammo","survival_loot_pickup_attachments","survival_loot_pickup_3p_attachments","","","",1,1,"","","",0,0,5,true,false,false,false,"CORE",false,false,false,"","","",""
false,"shotgun_bolt_l3","attachment","","","","",0,3,"PING_ATTACHMENT_SHOTGUN_BOLT_3","","rui/pilot_loadout/mods/shotgun_mag","mdl/weapons_r5/loot/_master/w_loot_wep_mods_mag_v3b.rmdl",0,"survival_loot_attach_extended_ammo","survival_loot_pickup_attachments","survival_loot_pickup_3p_attachments","","","",1,1,"","","",0,0,5,true,false,false,false,"CORE",false,false,false,"","","",""
false,shotgun_bolt_l4,attachment,,,,,0,4,PING_ATTACHMENT_SHOTGUN_BOLT_4,,rui/pilot_loadout/mods/shotgun_mag,mdl/weapons_r5/loot/_master/w_loot_wep_mods_mag_v3b.rmdl,0,survival_loot_attach_extended_ammo,survival_loot_pickup_attachments,survival_loot_pickup_3p_attachments,,,,1,1,,,,0,0,5,true,false,false,false,CORE,false,false,false,,,,
false,"stock_tactical_l1","attachment","","","","",0,1,"PING_ATTACHMENT_STOCK_STANDARD_1","","rui/pilot_loadout/mods/tactical_stock","mdl/weapons_r5/loot/w_loot_wep_iso_stock_folded_regular.rmdl",0,"survival_loot_attach_stabilizer","survival_loot_pickup_attachments","survival_loot_pickup_3p_attachments","","","",1,1,"","","",0,0,5,true,false,false,false,"CORE",false,false,false,"","","",""
false,"stock_tactical_l2","attachment","","","","",0,2,"PING_ATTACHMENT_STOCK_STANDARD_2","","rui/pilot_loadout/mods/tactical_stock","mdl/weapons_r5/loot/w_loot_wep_iso_stock_folded_regular.rmdl",0,"survival_loot_attach_stabilizer","survival_loot_pickup_attachments","survival_loot_pickup_3p_attachments","","","",1,1,"","","",0,0,5,true,false,false,false,"CORE",false,false,false,"","","",""
false,"stock_tactical_l3","attachment","","","","",0,3,"PING_ATTACHMENT_STOCK_STANDARD_3","","rui/pilot_loadout/mods/tactical_stock","mdl/weapons_r5/loot/w_loot_wep_iso_stock_folded_regular.rmdl",0,"survival_loot_attach_stabilizer","survival_loot_pickup_attachments","survival_loot_pickup_3p_attachments","","","",1,1,"","","",0,0,5,true,false,false,false,"CORE",false,false,false,"","","",""
false,"stock_sniper_l1","attachment","","","","",0,1,"PING_ATTACHMENT_STOCK_SNIPER_1","","rui/pilot_loadout/mods/sniper_stock","mdl/weapons_r5/loot/w_loot_wep_iso_stock_folded_sniper.rmdl",0,"survival_loot_attach_stabilizer","survival_loot_pickup_attachments","survival_loot_pickup_3p_attachments","","","",1,1,"","","",0,0,5,true,false,false,false,"CORE",false,false,false,"","","",""
false,"stock_sniper_l2","attachment","","","","",0,2,"PING_ATTACHMENT_STOCK_SNIPER_2","","rui/pilot_loadout/mods/sniper_stock","mdl/weapons_r5/loot/w_loot_wep_iso_stock_folded_sniper.rmdl",0,"survival_loot_attach_stabilizer","survival_loot_pickup_attachments","survival_loot_pickup_3p_attachments","","","",1,1,"","","",0,0,5,true,false,false,false,"CORE",false,false,false,"","","",""
false,"stock_sniper_l3","attachment","","","","",0,3,"PING_ATTACHMENT_STOCK_SNIPER_3","","rui/pilot_loadout/mods/sniper_stock","mdl/weapons_r5/loot/w_loot_wep_iso_stock_folded_sniper.rmdl",0,"survival_loot_attach_stabilizer","survival_loot_pickup_attachments","survival_loot_pickup_3p_attachments","","","",1,1,"","","",0,0,5,true,false,false,false,"CORE",false,false,false,"","","",""
false,stock_sniper_l4,attachment,,,,,0,4,PING_ATTACHMENT_STOCK_SNIPER_4,,rui/pilot_loadout/mods/sniper_stock,mdl/weapons_r5/loot/w_loot_wep_iso_stock_folded_sniper.rmdl,0,survival_loot_attach_stabilizer,survival_loot_pickup_attachments,survival_loot_pickup_3p_attachments,,,,1,1,,,,0,0,5,true,false,false,false,CORE,false,false,false,,,,
false,"hopup_turbocharger","attachment","","","","FakeHopup LockedHopup",0,4,"PING_ATTACHMENT_HOPUP_TURBOCHARGER","","rui/pilot_loadout/mods/hopup_turbocharger","mdl/weapons_r5/loot/_master/w_loot_wep_mods_chip.rmdl",4,"survival_loot_attach_stabilizer","survival_loot_pickup_attachments","survival_loot_pickup_3p_attachments","","","",1,1,"","","",0,0,10,false,false,false,false,"CORE",false,false,false,"","","",""
false,"hopup_selectfire","attachment","","","","FakeHopup LockedHopup",0,4,"PING_ATTACHMENT_HOPUP_SELECTFIRE","","rui/pilot_loadout/mods/hopup_autofire","mdl/weapons_r5/loot/_master/w_loot_wep_mods_chip.rmdl",4,"survival_loot_attach_stabilizer","survival_loot_pickup_attachments","survival_loot_pickup_3p_attachments","","","",1,1,"","","",0,0,10,false,false,false,false,"CORE",false,false,false,"","","",""
false,"hopup_dual_loader","attachment","","","","FakeHopup LockedHopup",0,4,"PING_ATTACHMENT_HOPUP_DUAL_SHELL","","rui/pilot_loadout/mods/hopup_dualshell","mdl/weapons_r5/loot/_master/w_loot_wep_mods_chip.rmdl",0,"survival_loot_attach_stabilizer","survival_loot_pickup_attachments","survival_loot_pickup_3p_attachments","","","",1,1,"","","",0,0,10,false,false,false,false,"",false,false,false,"","","",""
false,"hopup_headshot_dmg","attachment","","","","FakeHopup LockedHopup",0,4,"PING_ATTACHMENT_HOPUP_HEADSHOT_DMG","","rui/pilot_loadout/mods/hopup_skullpiercer","mdl/weapons_r5/loot/_master/w_loot_wep_mods_chip.rmdl",4,"survival_loot_attach_stabilizer","survival_loot_pickup_attachments","survival_loot_pickup_3p_attachments","","","",1,1,"","","",0,0,10,false,false,false,false,"",false,false,false,"","","",""
false,"hopup_headshot_dmg_elite","attachment","","","","FakeHopup",0,4,"PING_ATTACHMENT_HOPUP_HEADSHOT_DMG","","rui/pilot_loadout/mods/hopup_skullpiercer","mdl/weapons_r5/loot/_master/w_loot_wep_mods_chip.rmdl",4,"survival_loot_attach_stabilizer","survival_loot_pickup_attachments","survival_loot_pickup_3p_attachments","","","",1,1,"","","",0,0,10,false,false,false,false,"EVENT",false,false,false,"","","",""
false,"hopup_headshot_dmg_elite_ghorse","attachment","","","","FakeHopup",0,4,"PING_ATTACHMENT_HOPUP_HEADSHOT_DMG","","rui/pilot_loadout/mods/hopup_skullpiercer","mdl/weapons_r5/loot/_master/w_loot_wep_mods_chip.rmdl",4,"survival_loot_attach_stabilizer","survival_loot_pickup_attachments","survival_loot_pickup_3p_attachments","","","",1,1,"","","",0,0,10,false,false,false,false,"EVENT",false,false,false,"","","",""
false,"hopup_shield_breaker","attachment","","","","",0,4,"PING_ATTACHMENT_HOPUP_SHIELD_BREAKER","","rui/pilot_loadout/mods/hopup_shield_breaker","mdl/weapons_r5/loot/_master/w_loot_wep_mods_chip.rmdl",4,"survival_loot_attach_stabilizer","survival_loot_pickup_attachments","survival_loot_pickup_3p_attachments","","","",1,1,"","","",0,0,10,false,false,false,false,"",false,false,false,"","","",""
false,"hopup_unshielded_dmg","attachment","","","","",0,4,"PING_ATTACHMENT_HOPUP_UNSHIELDED_DMG","","rui/pilot_loadout/mods/hopup_unshielded_dmg","mdl/weapons_r5/loot/_master/w_loot_wep_mods_chip.rmdl",4,"survival_loot_attach_stabilizer","survival_loot_pickup_attachments","survival_loot_pickup_3p_attachments","","","",1,1,"","","",0,0,10,false,false,false,false,"",false,false,false,"","","",""
false,"hopup_double_tap","attachment","","","","FakeHopup LockedHopup",0,4,"PING_ATTACHMENT_HOPUP_DOUBLE_TAP","","rui/pilot_loadout/mods/hopup_doubletap","mdl/weapons_r5/loot/_master/w_loot_wep_mods_chip.rmdl",4,"survival_loot_attach_stabilizer","survival_loot_pickup_attachments","survival_loot_pickup_3p_attachments","","","",1,1,"","","",0,0,10,false,false,false,false,"EVENT",false,false,false,"","","",""
true,"hopup_paintball","attachment","","","","",0,1,"PING_ATTACHMENT_HOPUP_PAINTBALL","","rui/pilot_loadout/mods/hopup_graffiti","mdl/weapons_r5/loot/_master/w_loot_wep_mods_chip.rmdl",0,"survival_loot_attach_stabilizer","survival_loot_pickup_attachments","survival_loot_pickup_3p_attachments","","","",1,1,"","","",0,0,10,false,false,false,false,"",false,false,false,"","","",""
true,"paintball","attachment","","","","FakeHopup",0,4,"","","rui/pilot_loadout/mods/hopup_graffiti","mdl/weapons_r5/loot/_master/w_loot_wep_mods_chip.rmdl",0,"survival_loot_attach_stabilizer","survival_loot_pickup_attachments","survival_loot_pickup_3p_attachments","","","",1,1,"","","",0,0,10,false,false,false,false,"",false,false,false,"","","",""
true,"hopup_quickdraw_holster","attachment","","","","FakeHopup LockedHopup",0,4,"PING_ATTACHMENT_HOPUP_QUICKDRAW_HOLSTER","","rui/pilot_loadout/mods/hopup_quickdraw_holster","mdl/weapons_r5/loot/_master/w_loot_wep_mods_chip.rmdl",0,"survival_loot_attach_stabilizer","survival_loot_pickup_attachments","survival_loot_pickup_3p_attachments","","","",1,1,"","","",0,0,10,false,false,false,false,"",false,false,false,"","","",""
false,"hopup_shatter_rounds","attachment","","","","",0,4,"PING_ATTACHMENT_HOPUP_SHATTER_ROUNDS","","rui/pilot_loadout/mods/hopup_shatter_caps","mdl/weapons_r5/loot/_master/w_loot_wep_mods_chip.rmdl",0,"survival_loot_attach_stabilizer","survival_loot_pickup_attachments","survival_loot_pickup_3p_attachments","","","",1,1,"","","",0,0,10,false,false,false,false,"",false,false,false,"","","",""
false,hopup_kinetic_loader,attachment,,,,,0,4,PING_ATTACHMENT_HOPUP_KINETIC_FEEDER,,rui/pilot_loadout/mods/hopup_kinetic_feeder,mdl/weapons_r5/loot/_master/w_loot_wep_mods_chip.rmdl,0,survival_loot_attach_stabilizer,survival_loot_pickup_attachments,survival_loot_pickup_3p_attachments,,,,1,1,,,,0,0,10,false,false,false,false,,false,false,false,,,,
false,hopup_smart_reload,attachment,,,,,0,4,PING_ATTACHMENT_HOPUP_SMART_RELOAD,,rui/pilot_loadout/mods/hopup_smart_reload,mdl/weapons_r5/loot/_master/w_loot_wep_mods_chip.rmdl,4,survival_loot_attach_stabilizer,survival_loot_pickup_attachments,survival_loot_pickup_3p_attachments,,,,1,1,,,,0,0,10,false,false,false,false,,false,false,false,,,,
true,"hopup_gunshield","attachment","","","","FakeHopup LockedHopup",0,4,"PING_ATTACHMENT_HOPUP_GUNSHIELD","","rui/pilot_loadout/mods/hopup_gunshield","mdl/weapons_r5/loot/_master/w_loot_wep_mods_chip.rmdl",4,"survival_loot_attach_stabilizer","survival_loot_pickup_attachments","survival_loot_pickup_3p_attachments","","","",1,1,"","","",0,0,10,false,false,false,false,"CORE",false,false,false,"","","",""
false,"hopup_ultimate_accelerator","attachment","","","","FakeHopup LockedHopup",0,4,"","","rui/pilot_loadout/mods/hopup_accelerator","mdl/weapons_r5/loot/_master/w_loot_wep_mods_chip.rmdl",4,"survival_loot_attach_stabilizer","survival_loot_pickup_attachments","survival_loot_pickup_3p_attachments","","","",1,1,"","","",0,0,10,false,false,false,false,"CORE",false,false,false,"","","",""
false,"hopup_brand_weapon_takeover","attachment","","","","FakeHopup LockedHopup",0,1,"","","rui/pilot_loadout/mods/hopup_autofire","mdl/weapons_r5/loot/_master/w_loot_wep_mods_chip.rmdl",4,"survival_loot_attach_stabilizer","survival_loot_pickup_attachments","survival_loot_pickup_3p_attachments","","","",1,1,"","","",0,0,10,false,false,false,false,"CORE",false,false,false,"","","",""
// no server script for hopups: false,"hopup_paintball_elite","attachment","","","","FakeHopup LockedHopup",0,4,"PING_ATTACHMENT_HOPUP_PAINTBALL","","rui/pilot_loadout/mods/hopup_graffiti","mdl/weapons_r5/loot/_master/w_loot_wep_mods_chip.rmdl",0,"survival_loot_attach_stabilizer","survival_loot_pickup_attachments","survival_loot_pickup_3p_attachments","","","",1,1,"","","",0,0,10,false,false,false,false,"",false,false,false,"","","",""
// no server script for hopups: false,"hopup_executioner","attachment","","","","FakeHopup LockedHopup",0,4,"","","rui/pilot_loadout/mods/hopup_executioner_lightning","mdl/weapons_r5/loot/_master/w_loot_wep_mods_chip.rmdl",4,"survival_loot_attach_stabilizer","survival_loot_pickup_attachments","survival_loot_pickup_3p_attachments","","","",1,1,"","","",0,0,10,false,false,false,false,"",false,false,false,"","","",""
true,"dormant_hopup_gunshield","attachment","","","","DormantHopup FakeHopup LockedHopup",0,1,"","","rui/pilot_loadout/mods/hopup_gunshield","mdl/weapons_r5/loot/_master/w_loot_wep_mods_chip.rmdl",4,"survival_loot_attach_stabilizer","survival_loot_pickup_attachments","survival_loot_pickup_3p_attachments","","","",1,1,"","","",0,0,10,false,false,false,false,"",false,true,true,"","","",""
false,"dormant_hopup_selectfire","attachment","","","","DormantHopup FakeHopup LockedHopup",0,1,"","","rui/pilot_loadout/mods/hopup_autofire","mdl/weapons_r5/loot/_master/w_loot_wep_mods_chip.rmdl",4,"survival_loot_attach_stabilizer","survival_loot_pickup_attachments","survival_loot_pickup_3p_attachments","","","",1,1,"","","",0,0,10,false,false,false,false,"",false,true,true,"","","",""
true,"dormant_hopup_highcal_rounds","attachment","","","","DormantHopup FakeHopup LockedHopup",0,1,"","","rui/pilot_loadout/mods/hopup_anvilreceiver","mdl/weapons_r5/loot/_master/w_loot_wep_mods_chip.rmdl",4,"survival_loot_attach_stabilizer","survival_loot_pickup_attachments","survival_loot_pickup_3p_attachments","","","",1,1,"","","",0,0,10,false,false,false,false,"",false,true,true,"","","",""
true,"dormant_hopup_headshot_dmg","attachment","","","","DormantHopup FakeHopup LockedHopup",0,1,"","","rui/pilot_loadout/mods/hopup_skullpiercer","mdl/weapons_r5/loot/_master/w_loot_wep_mods_chip.rmdl",4,"survival_loot_attach_stabilizer","survival_loot_pickup_attachments","survival_loot_pickup_3p_attachments","","","",1,1,"","","",0,0,10,false,false,false,false,"",false,true,true,"","","",""
true,"dormant_hopup_ultimate_accelerator","attachment","","","","DormantHopup FakeHopup LockedHopup",0,1,"","","rui/pilot_loadout/mods/hopup_accelerator","mdl/weapons_r5/loot/_master/w_loot_wep_mods_chip.rmdl",4,"survival_loot_attach_stabilizer","survival_loot_pickup_attachments","survival_loot_pickup_3p_attachments","","","",1,1,"","","",0,0,10,false,false,false,false,"",false,true,true,"","","",""
true,"dormant_hopup_quickdraw_holster","attachment","","","","DormantHopup FakeHopup LockedHopup",0,1,"","","rui/pilot_loadout/mods/hopup_quickdraw_holster","mdl/weapons_r5/loot/_master/w_loot_wep_mods_chip.rmdl",4,"survival_loot_attach_stabilizer","survival_loot_pickup_attachments","survival_loot_pickup_3p_attachments","","","",1,1,"","","",0,0,10,false,false,false,false,"",false,true,true,"","","",""
false,"dormant_hopup_dual_loader","attachment","","","","DormantHopup FakeHopup LockedHopup",0,1,"","","rui/pilot_loadout/mods/hopup_dualshell","mdl/weapons_r5/loot/_master/w_loot_wep_mods_chip.rmdl",4,"survival_loot_attach_stabilizer","survival_loot_pickup_attachments","survival_loot_pickup_3p_attachments","","","",1,1,"","","",0,0,10,false,false,false,false,"",false,true,true,"","","",""
false,"dormant_hopup_unshielded_dmg","attachment","","","","DormantHopup FakeHopup LockedHopup",0,1,"","","rui/pilot_loadout/mods/hopup_unshielded_dmg","mdl/weapons_r5/loot/_master/w_loot_wep_mods_chip.rmdl",4,"survival_loot_attach_stabilizer","survival_loot_pickup_attachments","survival_loot_pickup_3p_attachments","","","",1,1,"","","",0,0,10,false,false,false,false,"",false,true,true,"","","",""
false,"dormant_hopup_shield_breaker","attachment","","","","DormantHopup FakeHopup LockedHopup",0,1,"","","rui/pilot_loadout/mods/hopup_shield_breaker","mdl/weapons_r5/loot/_master/w_loot_wep_mods_chip.rmdl",4,"survival_loot_attach_stabilizer","survival_loot_pickup_attachments","survival_loot_pickup_3p_attachments","","","",1,1,"","","",0,0,10,false,false,false,false,"",false,true,true,"","","",""
false,"dormant_hopup_double_tap","attachment","","","","DormantHopup FakeHopup LockedHopup",0,1,"","","rui/pilot_loadout/mods/hopup_doubletap","mdl/weapons_r5/loot/_master/w_loot_wep_mods_chip.rmdl",4,"survival_loot_attach_stabilizer","survival_loot_pickup_attachments","survival_loot_pickup_3p_attachments","","","",1,1,"","","",0,0,10,false,false,false,false,"",false,true,true,"","","",""
false,"dormant_hopup_turbocharger","attachment","","","","DormantHopup FakeHopup LockedHopup",0,1,"","","rui/pilot_loadout/mods/hopup_turbocharger","mdl/weapons_r5/loot/_master/w_loot_wep_mods_chip.rmdl",4,"survival_loot_attach_stabilizer","survival_loot_pickup_attachments","survival_loot_pickup_3p_attachments","","","",1,1,"","","",0,0,10,false,false,false,false,"",false,true,true,"","","",""
// no server script for hopups: false,"dormant_hopup_paintball_elite","attachment","","","","DormantHopup FakeHopup LockedHopup",0,1,"","","rui/pilot_loadout/mods/hopup_graffiti","mdl/weapons_r5/loot/_master/w_loot_wep_mods_chip.rmdl",4,"survival_loot_attach_stabilizer","survival_loot_pickup_attachments","survival_loot_pickup_3p_attachments","","","",1,1,"","","",0,0,10,false,false,false,false,"",false,true,true,"","","",""
// no server script for hopups: false,"dormant_hopup_executioner","attachment","","","","DormantHopup FakeHopup LockedHopup",0,1,"","","rui/pilot_loadout/mods/hopup_executioner_lightning","mdl/weapons_r5/loot/_master/w_loot_wep_mods_chip.rmdl",4,"survival_loot_attach_stabilizer","survival_loot_pickup_attachments","survival_loot_pickup_3p_attachments","","","",1,1,"","","",0,0,10,false,false,false,false,"",false,true,true,"","","",""
// pickupModel substituted; not in this build: mdl\props\single_joint_props\loot_wep_node.rmdl
false,hopup_points_pickup,custom_pickup,,,,,0,2,PING_ITEM_HOPUP_POINTS,,rui/pilot_loadout/mods/hopup_cache,mdl/weapons_r5/loot/_master/w_loot_wep_mods_chip.rmdl,0,,Survival_Loot_Pickup_Locked_HopUps_1p,Survival_Loot_Pickup_Locked_HopUps_3p,,#DORMANT_HOPUP_POINT_PICKUP,#DORMANT_HOPUP_POINT_PICKUP_HINT,1,1,,,,0,0,10,false,false,false,false,CORE,false,true,true,,,,
// gadget row of this ref is the live type: false,"mp_ability_mobile_respawn_beacon","ordnance","","","","",0,2,"PING_RESPAWN_MOBILE","","rui/hud/gametype_icons/survival/mobile_respawn_beacon_icon","mdl/weapons/beacon_capsule_01/beacon_capsule_01.rmdl",0,"","Survival_Loot_Pickup_MobileRespawnBeacon_Capsule","Survival_Loot_Pickup_3p_MobileRespawnBeacon_Capsule","","#SURVIVAL_PICKUP_MOBILE_RESPAWN","#SURVIVAL_PICKUP_MOBILE_RESPAWN_HINT",1,1,"","","",0,0,5,true,true,false,false,"CORE",false,false,false,"","","",""
false,"data_knife","data_knife","","","","",0,5,"PING_ITEM_DATA_KNIFE","","rui/hud/gametype_icons/survival/data_knife","mdl/weapons_r5/loot/_master/w_loot_msc_keycard_v1.rmdl",0,"","survival_loot_pickup_VaultKey","survival_loot_pickup_3p_tactical_ammo","","#SURVIVAL_PICKUP_DATA_KNIFE","#SURVIVAL_PICKUP_DATA_KNIFE_HINT",1,1,"","","",0,0,0,false,false,false,false,"",false,false,false,"","","",""
false,"s4t_item0","custom_pickup","","","","",0,5,"","","rui/menu/buttons/battlepass/weapon_charm","mdl/weapons_r5/loot/_master/w_loot_msc_keycard_v1.rmdl",0,"","survival_loot_pickup_VaultKey","survival_loot_pickup_3p_tactical_ammo","","#SURVIVAL_PICKUP_S4T_ITEM0","#SURVIVAL_PICKUP_S4T_ITEM0_HINT",1,1,"","","",0,0,0,false,false,false,false,"",false,false,false,"","","",""
false,"treasure_box","custom_pickup","","","","",0,5,"PING_ITEM_TREASURE_BOX","","rui/hud/loot/loot_treasure_pack","mdl/weapons_r5/misc_pve/s5_treasure_box/w_s5_treasure_box.rmdl",7,"","Season51_loot_pickup_TreasurePack","survival_loot_pickup_3p_tactical_ammo","","#SURVIVAL_PICKUP_TREASUREBOX","#SURVIVAL_PICKUP_TREASUREBOX_HINT",1,0,"","","",0,0,0,false,false,false,false,"",false,false,false,"","","",""
true,"doubler_flag","custom_pickup","","","","",0,3,"","","rui/hud/gametype_icons/survival/dna_station","mdl/props/arc_tool_sp/arc_tool_sp_animated.rmdl",0,"","survival_loot_pickup_ArcBlade","survival_loot_pickup_3p_ArcBlade","","#SURVIVAL_PICKUP_DOUBLER","#SURVIVAL_PICKUP_DOUBLER_HINT",1,1,"","","",0,0,0,false,false,false,false,"",false,false,false,"","","",""
true,"quadrupler_flag","custom_pickup","","","","",0,4,"","","rui/hud/gametype_icons/survival/dna_station","mdl/props/arc_tool_sp/arc_tool_sp_animated.rmdl",0,"","survival_loot_pickup_ArcBlade","survival_loot_pickup_3p_ArcBlade","","#SURVIVAL_PICKUP_QUADRUPLER","#SURVIVAL_PICKUP_QUADRUPLER_HINT",1,1,"","","",0,0,0,false,false,false,false,"",false,false,false,"","","",""
true,"mp_ability_void_ring","gadget","","","","",0,2,"PING_OFFHAND_VOID_RING","","rui/hud/gametype_icons/survival/void_ring_icon","mdl/props/void_ring/loot_void_ring.rmdl",0,"","Survival_Loot_Pickup_VoidRing","Survival_Loot_Pickup_3p_VoidRing","","#SURVIVAL_PICKUP_VOID_RING","#SURVIVAL_PICKUP_VOID_RING_HINT",2,2,"","","",0,0,5,false,true,false,false,"CORE",false,false,false,"","","",""
false,"mp_ability_mobile_respawn_beacon","gadget","","","","",0,2,"PING_LOOT_RESPAWN_MOBILE","","rui/hud/gametype_icons/survival/mobile_respawn_beacon_icon","mdl/weapons/beacon_capsule_01/beacon_capsule_01.rmdl",0,"","Survival_Loot_Pickup_MobileRespawnBeacon_Capsule","Survival_Loot_Pickup_3p_MobileRespawnBeacon_Capsule","","#SURVIVAL_PICKUP_MOBILE_RESPAWN","#SURVIVAL_PICKUP_MOBILE_RESPAWN_HINT",1,1,"","","",0,0,5,true,true,false,false,"CORE",false,false,false,"","","",""
false,"loot_marvin_arm","marvin_arm","","","","",0,4,"PING_ITEM_MARVIN_ARM","","rui/hud/loot/loot_marvin_arm","mdl/robotics_r5/marvin/marvin_base_v2_arm.rmdl",0,"","survival_loot_pickup_VaultKey","survival_loot_pickup_3p_tactical_ammo","","#SURVIVAL_PICKUP_MARVIN_ARM","#SURVIVAL_PICKUP_MARVIN_ARM_HINT",1,1,"","","",0,0,0,false,false,false,false,"CORE",false,false,false,"","","",""
false,"ship_keycard","ship_keycard","","","","",0,5,"PING_ITEM_SHIP_KEYCARD","","rui/hud/gametype_icons/survival/data_knife","mdl/weapons_r5/loot/_master/w_loot_msc_keycard_v1.rmdl",0,"","survival_loot_pickup_VaultKey","survival_loot_pickup_3p_tactical_ammo","","#SURVIVAL_PICKUP_SHIP_KEYCARD","#SURVIVAL_PICKUP_SHIP_KEYCARD_HINT",1,1,"","","",0,0,0,false,false,false,false,"CORE",false,false,false,"","","",""
false,"mp_ability_redeploy_balloon","gadget","","","","",0,2,"PING_LOOT_REDEPLOY_BALLOON","","rui/hud/evac_tower/evac_tower_loot","mdl/props/evac_tower_loot/evac_tower_loot.rmdl",0,"","Survival_Loot_Pickup_EvacTower_1P","Survival_Loot_Pickup_EvacTower_3P","","#SURVIVAL_PICKUP_REDEPLOY_BALLOON","#SURVIVAL_PICKUP_REDEPLOY_BALLOON_HINT",1,1,"","","",0,0,5,false,true,false,false,"CORE",false,false,false,"","","",""
false,"expired_banners","custom_pickup","","","","",0,5,"REPLY_RESPAWN_YES","","rui/hud/gametype_icons/survival/dna_station","mdl/props/ultimate_accelerant/ultimate_accelerant_banner_crafting.rmdl",0,"","Season51_loot_pickup_TreasurePack","survival_loot_pickup_3p_tactical_ammo","","#SURVIVAL_PICKUP_CRAFTED_BANNER","#SURVIVAL_PICKUP_CRAFTED_BANNER_HINT",1,0,"","","",0,0,0,false,false,false,false,"",false,false,false,"","","",""
false,"black_market_banner","custom_pickup","","","","",0,5,"REPLY_RESPAWN_YES","","rui/hud/gametype_icons/survival/dna_station","mdl/props/ultimate_accelerant/ultimate_accelerant_banner_crafting.rmdl",0,"","Season51_loot_pickup_TreasurePack","survival_loot_pickup_3p_tactical_ammo","","#SURVIVAL_PICKUP_BLACK_MARKET_BANNER","#SURVIVAL_PICKUP_CRAFTED_BANNER_HINT",1,0,"","","",0,0,0,false,false,false,false,"",false,true,false,"","","",""
false,"mp_weapon_titan_sword","main_weapon","","","","melee event_weapon",0,5,"PING_WEAPON_TITAN_SWORD","rui/hud/gametype_icons/survival/sur_ammo_buster_sword","","mdl/weapons/titansword/w_loot_titansword.rmdl",0,"","titansword_pickup_1p","titansword_pickup_3p","","#WPN_TITAN_SWORD","#WPN_TITAN_SWORD_DESC",1,1,"","","",0,0,20,true,false,false,false,"EVENT",true,false,false,"","","",""
false,"fr_nessie","collectable_nessie","","","","",0,5,"PING_COLLECTIBLE_NESSIE","","rui/gamemodes/tdm/tdm_squad_icon0_easteregg","mdl/props/nessie/nessie_april_fools.rmdl",0,"","AFLTM_Vocal_Wander","AFLTM_Vocal_Wander","","#SURVIVAL_PICKUP_NESSIE","#SURVIVAL_PICKUP_NESSIE_HINT",1,1,"","","",0,0,0,false,false,false,false,"CORE",false,true,true,"","","",""
false,"fr_nessie_yellow","collectable_nessie","","","","",0,5,"PING_COLLECTIBLE_NESSIE","","rui/gamemodes/tdm/tdm_squad_icon0_easteregg","mdl/props/nessie/nessie_april_fools.rmdl",1,"","AFLTM_Vocal_Wander","AFLTM_Vocal_Wander","","#SURVIVAL_PICKUP_NESSIE","#SURVIVAL_PICKUP_NESSIE_HINT",1,1,"","","",0,0,0,false,false,false,false,"",false,true,true,"","","",""
false,"fr_nessie_pink","collectable_nessie","","","","",0,5,"PING_COLLECTIBLE_NESSIE","","rui/gamemodes/tdm/tdm_squad_icon0_easteregg","mdl/props/nessie/nessie_april_fools.rmdl",2,"","AFLTM_Vocal_Wander","AFLTM_Vocal_Wander","","#SURVIVAL_PICKUP_NESSIE","#SURVIVAL_PICKUP_NESSIE_HINT",1,1,"","","",0,0,0,false,false,false,false,"",false,true,true,"","","",""
false,"fr_nessie_turquoise","collectable_nessie","","","","",0,5,"PING_COLLECTIBLE_NESSIE","","rui/gamemodes/tdm/tdm_squad_icon0_easteregg","mdl/props/nessie/nessie_april_fools.rmdl",3,"","AFLTM_Vocal_Wander","AFLTM_Vocal_Wander","","#SURVIVAL_PICKUP_NESSIE","#SURVIVAL_PICKUP_NESSIE_HINT",1,1,"","","",0,0,0,false,false,false,false,"",false,true,true,"","","",""
false,"fr_nessie_blue","collectable_nessie","","","","",0,5,"PING_COLLECTIBLE_NESSIE","","rui/gamemodes/tdm/tdm_squad_icon0_easteregg","mdl/props/nessie/nessie_april_fools.rmdl",4,"","AFLTM_Vocal_Wander","AFLTM_Vocal_Wander","","#SURVIVAL_PICKUP_NESSIE","#SURVIVAL_PICKUP_NESSIE_HINT",1,1,"","","",0,0,0,false,false,false,false,"",false,true,true,"","","",""
false,"fr_nessie_red","collectable_nessie","","","","",0,5,"PING_COLLECTIBLE_NESSIE","","rui/gamemodes/tdm/tdm_squad_icon0_easteregg","mdl/props/nessie/nessie_april_fools.rmdl",5,"","AFLTM_Vocal_Wander","AFLTM_Vocal_Wander","","#SURVIVAL_PICKUP_NESSIE","#SURVIVAL_PICKUP_NESSIE_HINT",1,1,"","","",0,0,0,false,false,false,false,"",false,true,true,"","","",""
false,"fr_nessie_moy","collectable_nessie","","","","",0,5,"PING_COLLECTIBLE_NESSIE","","rui/gamemodes/tdm/tdm_squad_icon0_easteregg","mdl/props/nessie/nessie_april_fools.rmdl",6,"","AFLTM_Vocal_Wander","AFLTM_Vocal_Wander","","#SURVIVAL_PICKUP_NESSIE","#SURVIVAL_PICKUP_NESSIE_HINT",1,1,"","","",0,0,0,false,false,false,false,"",false,true,true,"","","",""
false,"fr_nessie_large","collectable_nessie","","","","",0,5,"PING_COLLECTIBLE_NESSIE","","rui/gamemodes/tdm/tdm_squad_icon0_easteregg","mdl/props/nessie/nessie_april_fools_large.rmdl",0,"","AFLTM_Vocal_Wander","AFLTM_Vocal_Wander","","#SURVIVAL_PICKUP_NESSIE","#SURVIVAL_PICKUP_NESSIE_HINT",1,1,"","","",0,0,0,false,false,false,false,"",false,true,true,"","","",""
false,"fr_nessie_lavender","collectable_nessie","","","","",0,5,"PING_COLLECTIBLE_NESSIE","","rui/gamemodes/tdm/tdm_squad_icon0_easteregg","mdl/props/nessie/nessie_april_fools.rmdl",7,"","AFLTM_Vocal_Wander","AFLTM_Vocal_Wander","","#SURVIVAL_PICKUP_NESSIE","#SURVIVAL_PICKUP_NESSIE_HINT",1,1,"","","",0,0,0,false,false,false,false,"",false,true,true,"","","",""
false,"fr_nessie_white","collectable_nessie","","","","",0,5,"PING_COLLECTIBLE_NESSIE","","rui/gamemodes/tdm/tdm_squad_icon0_easteregg","mdl/props/nessie/nessie_april_fools.rmdl",8,"","AFLTM_Vocal_Wander","AFLTM_Vocal_Wander","","#SURVIVAL_PICKUP_NESSIE","#SURVIVAL_PICKUP_NESSIE_HINT",1,1,"","","",0,0,0,false,false,false,false,"",false,true,true,"","","",""
false,"fr_nessie_orange","collectable_nessie","","","","",0,5,"PING_COLLECTIBLE_NESSIE","","rui/gamemodes/tdm/tdm_squad_icon0_easteregg","mdl/props/nessie/nessie_april_fools.rmdl",9,"","AFLTM_Vocal_Wander","AFLTM_Vocal_Wander","","#SURVIVAL_PICKUP_NESSIE","#SURVIVAL_PICKUP_NESSIE_HINT",1,1,"","","",0,0,0,false,false,false,false,"",false,true,true,"","","",""
false,"fr_nessie_black","collectable_nessie","","","","",0,5,"PING_COLLECTIBLE_NESSIE","","rui/gamemodes/tdm/tdm_squad_icon0_easteregg","mdl/props/nessie/nessie_april_fools.rmdl",10,"","AFLTM_Vocal_Wander","AFLTM_Vocal_Wander","","#SURVIVAL_PICKUP_NESSIE","#SURVIVAL_PICKUP_NESSIE_HINT",1,1,"","","",0,0,0,false,false,false,false,"",false,true,true,"","","",""
false,"fr_nessie_gray","collectable_nessie","","","","",0,5,"PING_COLLECTIBLE_NESSIE","","rui/gamemodes/tdm/tdm_squad_icon0_easteregg","mdl/props/nessie/nessie_april_fools.rmdl",11,"","AFLTM_Vocal_Wander","AFLTM_Vocal_Wander","","#SURVIVAL_PICKUP_NESSIE","#SURVIVAL_PICKUP_NESSIE_HINT",1,1,"","","",0,0,0,false,false,false,false,"",false,true,true,"","","",""
// no mod block defined by any weapon in either build, cannot attach: true,"hopup_golden_horse_blue","attachment","","","","",0,2,"PING_ATTACHMENT_HOPUP_GOLDEN_HORSE","","rui/pilot_loadout/mods/hopup_golden_horse_blue","mdl/weapons_r5/loot/w_loot_misc_ragold_orb.rmdl",2,"survival_loot_attach_stabilizer","materia_equip_1P","materia_equip_3P","","","",1,1,"","","",0,0,10,false,false,false,false,"EVENT",false,false,false,"","","",""
// no mod block defined by any weapon in either build, cannot attach: true,"hopup_golden_horse_green","attachment","","","","",0,1,"PING_ATTACHMENT_HOPUP_GOLDEN_HORSE","","rui/pilot_loadout/mods/hopup_golden_horse_green","mdl/weapons_r5/loot/w_loot_misc_ragold_orb.rmdl",1,"survival_loot_attach_stabilizer","materia_equip_1P","materia_equip_3P","","","",1,1,"","","",0,0,10,false,false,false,false,"EVENT",false,false,false,"","","",""
// no mod block defined by any weapon in either build, cannot attach: true,"hopup_golden_horse_yellow","attachment","","","","",0,4,"PING_ATTACHMENT_HOPUP_GOLDEN_HORSE","","rui/pilot_loadout/mods/hopup_golden_horse_yellow","mdl/weapons_r5/loot/w_loot_misc_ragold_orb.rmdl",4,"survival_loot_attach_stabilizer","materia_equip_1P","materia_equip_3P","","","",1,1,"","","",0,0,10,false,false,false,false,"EVENT",false,false,false,"","","",""
// no mod block defined by any weapon in either build, cannot attach: true,"hopup_golden_horse_purple","attachment","","","","",0,3,"PING_ATTACHMENT_HOPUP_GOLDEN_HORSE","","rui/pilot_loadout/mods/hopup_golden_horse_purple","mdl/weapons_r5/loot/w_loot_misc_ragold_orb.rmdl",3,"survival_loot_attach_stabilizer","materia_equip_1P","materia_equip_3P","","","",1,1,"","","",0,0,10,false,false,false,false,"EVENT",false,false,false,"","","",""
// no mod block defined by any weapon in either build, cannot attach: true,"hopup_golden_horse_red","attachment","","","","",0,5,"PING_ATTACHMENT_HOPUP_GOLDEN_HORSE","","rui/pilot_loadout/mods/hopup_golden_horse_red","mdl/weapons_r5/loot/w_loot_misc_ragold_orb.rmdl",5,"survival_loot_attach_stabilizer","materia_equip_1P","materia_equip_3P","","","",1,1,"","","",0,0,10,false,false,false,false,"EVENT",false,false,false,"","","",""
false,"mp_pickup_xp_cache","evo_pickup","","","","",0,2,"PING_ITEM_XP_CACHE","","rui/hud/gametype_icons/survival/upgrade_station_large","mdl/props/evo_cache_prop_w/evo_cache_prop_w.rmdl",0,"","survival_loot_pickup_evoCache_small","survival_loot_pickup_3p_tactical_ammo","","#SURVIVAL_PICKUP_XP_CACHE","#SURVIVAL_PICKUP_XP_CACHE_HINT",1,1,"","","",0,0,0,false,false,false,false,"CORE",false,true,true,"","","",""
false,"mp_pickup_xp_cache_dynamic","evo_pickup","","","","",0,4,"PING_ITEM_XP_CACHE_FULL","","rui/hud/gametype_icons/survival/upgrade_station_large","mdl/props/evo_cache_prop_w/evo_cache_prop_w.rmdl",0,"","survival_loot_pickup_evoCache","survival_loot_pickup_3p_tactical_ammo","","#SURVIVAL_PICKUP_XP_CACHE_DYNAMIC","#SURVIVAL_PICKUP_XP_CACHE_DYNAMIC_HINT",1,1,"","","",0,0,0,false,false,false,false,"CORE",false,true,true,"","","",""
false,"mp_pickup_xp_cache_large","evo_pickup","","","","",0,3,"PING_ITEM_XP_CACHE","","rui/hud/gametype_icons/survival/upgrade_station_large","mdl/props/evo_cache_prop_w/evo_cache_prop_w.rmdl",0,"","survival_loot_pickup_evoCache_large","survival_loot_pickup_3p_tactical_ammo","","#SURVIVAL_PICKUP_XP_CACHE_LARGE","#SURVIVAL_PICKUP_XP_CACHE_LARGE_HINT",1,1,"","","",0,0,0,false,false,false,false,"CORE",false,true,true,"","","",""
// pickupModel substituted; not in this build: mdl/props/evo_orb_01/evo_orb_uh_tier_01.rmdl
false,mp_pickup_xp_cache_tiny,evo_pickup,,,,,0,1,PING_ITEM_XP_CACHE_TINY,,rui/hud/gametype_icons/survival/upgrade_station_small,mdl/props/evo_cache_prop_w/evo_cache_prop_w.rmdl,0,,EvoEvolved_Orb_Lvl1_Pickup_1P,EvoEvolved_Orb_Lvl1_Pickup_3P,,#SURVIVAL_PICKUP_XP_CACHE_ORB,#SURVIVAL_PICKUP_XP_CACHE_ORB_HINT,1,1,,,,0,0,0,false,false,false,false,EVENT,false,true,true,,,,
// pickupModel substituted; not in this build: mdl/props/evo_orb_01/evo_orb_uh_tier_02.rmdl
false,mp_pickup_xp_cache_tiny_small,evo_pickup,,,,,0,2,PING_ITEM_XP_CACHE_TINY,,rui/hud/gametype_icons/survival/upgrade_station_small,mdl/props/evo_cache_prop_w/evo_cache_prop_w.rmdl,0,,EvoEvolved_Orb_Lvl2_Pickup_1P,EvoEvolved_Orb_Lvl2_Pickup_3P,,#SURVIVAL_PICKUP_XP_CACHE_ORB,#SURVIVAL_PICKUP_XP_CACHE_ORB_HINT,1,1,,,,0,0,0,false,false,false,false,EVENT,false,true,true,,,,
// pickupModel substituted; not in this build: mdl/props/evo_orb_01/evo_orb_uh_tier_03.rmdl
false,mp_pickup_xp_cache_tiny_medium,evo_pickup,,,,,0,3,PING_ITEM_XP_CACHE_TINY,,rui/hud/gametype_icons/survival/upgrade_station_small,mdl/props/evo_cache_prop_w/evo_cache_prop_w.rmdl,0,,EvoEvolved_Orb_Lvl3_Pickup_1P,EvoEvolved_Orb_Lvl3_Pickup_3P,,#SURVIVAL_PICKUP_XP_CACHE_ORB,#SURVIVAL_PICKUP_XP_CACHE_ORB_HINT,1,1,,,,0,0,0,false,false,false,false,EVENT,false,true,true,,,,
// pickupModel substituted; not in this build: mdl/props/evo_orb_01/evo_orb_uh_tier_04.rmdl
false,mp_pickup_xp_cache_tiny_large,evo_pickup,,,,,0,4,PING_ITEM_XP_CACHE_TINY,,rui/hud/gametype_icons/survival/upgrade_station_small,mdl/props/evo_cache_prop_w/evo_cache_prop_w.rmdl,0,,EvoEvolved_Orb_Lvl4_Pickup_1P,EvoEvolved_Orb_Lvl4_Pickup_3P,,#SURVIVAL_PICKUP_XP_CACHE_ORB,#SURVIVAL_PICKUP_XP_CACHE_ORB_HINT,1,1,,,,0,0,0,false,false,false,false,EVENT,false,true,true,,,,
// pickupModel substituted; not in this build: mdl/props/evo_orb_01/evo_orb_uh_tier_05.rmdl
false,mp_pickup_xp_cache_tiny_xlarge,evo_pickup,,,,,0,5,PING_ITEM_XP_CACHE_TINY,,rui/hud/gametype_icons/survival/upgrade_station_small,mdl/props/evo_cache_prop_w/evo_cache_prop_w.rmdl,0,,EvoEvolved_Orb_Lvl5_Pickup_1P,EvoEvolved_Orb_Lvl5_Pickup_3P,,#SURVIVAL_PICKUP_XP_CACHE_ORB,#SURVIVAL_PICKUP_XP_CACHE_ORB_HINT,1,1,,,,0,0,0,false,false,false,false,EVENT,false,true,true,,,,
true,"sh_bounty_hunt","evo_pickup","","","","",0,5,"PING_ITEM_THE_HUNT","","rui/hud/poi_icons/poi_hunt_datapad","mdl/props/ultimate_accelerant/ultimate_accelerant.rmdl",0,"","survival_loot_pickup_VaultKey","survival_loot_pickup_3p_tactical_ammo","","#SURVIVAL_PICKUP_THE_HUNT","#SURVIVAL_PICKUP_THE_HUNT_HINT",1,1,"","","",0,0,0,false,false,false,false,"",false,false,false,"","","",""
false,"mythic_bin_key","custom_pickup","","","","",0,5,"PING_ITEM_SHIP_KEYCARD","","rui/hud/gametype_icons/survival/data_knife","mdl/weapons_r5/loot/_master/w_loot_msc_keycard_v1.rmdl",0,"","survival_loot_pickup_VaultKey","survival_loot_pickup_3p_tactical_ammo","","#SURVIVAL_PICKUP_MYTHIC_KEY","#SURVIVAL_PICKUP_MYTHIC_KEY_HINT",1,1,"","","",0,0,0,false,false,false,false,"",false,false,false,"","","",""
// needs model port and server script: false,"mp_ability_boost_kit_pilot_hover","gadget","","","","",0,3,"PING_ITEM_BOOST_KIT","","rui/pilot_loadout/kit/cosmic/icon_boostkit_hover","mdl\weapons_r5\loot\w_loot_misc_boost_kit_cosmic.rmdl",1,"","Survival_Loot_Pickup_CopyCat_Tactical","Survival_Loot_Pickup_3p_CopyCat_Tactical","","#SURVIVAL_PICKUP_BOOST_KIT_NAME","#SURVIVAL_PICKUP_BOOST_KIT_HINT",1,1,"","PAS_PILOT_HOVER","",0,0,5,true,true,false,false,"EVENT",false,false,false,"","","settings/uidata/loot_brands/loot_brand_cosmic.rpak",""
// needs model port and server script: false,"mp_ability_boost_kit_threat_smoke","gadget","","","","",0,3,"PING_ITEM_BOOST_KIT","","rui/pilot_loadout/kit/cosmic/icon_boostkit_smoke","mdl\weapons_r5\loot\w_loot_misc_boost_kit_cosmic.rmdl",1,"","Survival_Loot_Pickup_CopyCat_Tactical","Survival_Loot_Pickup_3p_CopyCat_Tactical","","#SURVIVAL_PICKUP_BOOST_KIT_NAME","#SURVIVAL_PICKUP_BOOST_KIT_HINT",1,1,"","PAS_THREAT_SMOKE","",0,0,5,true,true,false,false,"EVENT",false,false,false,"","","settings/uidata/loot_brands/loot_brand_cosmic.rpak",""
// needs model port and server script: false,"mp_ability_boost_kit_phase_rewind","gadget","","","","",0,3,"PING_ITEM_BOOST_KIT","","rui/pilot_loadout/kit/cosmic/icon_boostkit_phase_rewind","mdl\weapons_r5\loot\w_loot_misc_boost_kit_cosmic.rmdl",1,"","Survival_Loot_Pickup_CopyCat_Tactical","Survival_Loot_Pickup_3p_CopyCat_Tactical","","#SURVIVAL_PICKUP_BOOST_KIT_NAME","#SURVIVAL_PICKUP_BOOST_KIT_HINT",1,1,"","PAS_PHASE_REWIND","",0,0,5,true,true,false,false,"EVENT",false,false,false,"","","settings/uidata/loot_brands/loot_brand_cosmic.rpak",""
// needs model port and server script: false,"mp_ability_boost_kit_lifesteal_kit","gadget","","","","",0,3,"PING_ITEM_BOOST_KIT","","rui/pilot_loadout/kit/cosmic/icon_boostkit_life_steal","mdl\weapons_r5\loot\w_loot_misc_boost_kit_cosmic.rmdl",1,"","Survival_Loot_Pickup_CopyCat_Tactical","Survival_Loot_Pickup_3p_CopyCat_Tactical","","#SURVIVAL_PICKUP_BOOST_KIT_NAME","#SURVIVAL_PICKUP_BOOST_KIT_HINT",1,1,"","PAS_LIFESTEAL_KIT","",0,0,5,true,true,false,false,"EVENT",false,false,false,"","","settings/uidata/loot_brands/loot_brand_cosmic.rpak",""
// needs model port and server script: false,"mp_ability_boost_kit_nessie_summon","gadget","","","","",0,3,"PING_ITEM_BOOST_KIT","","rui/pilot_loadout/kit/cosmic/icon_boostkit_nessie","mdl\weapons_r5\loot\w_loot_misc_boost_kit_cosmic.rmdl",1,"","Survival_Loot_Pickup_CopyCat_Tactical","Survival_Loot_Pickup_3p_CopyCat_Tactical","","#SURVIVAL_PICKUP_BOOST_KIT_NAME","#SURVIVAL_PICKUP_BOOST_KIT_HINT",1,1,"","PAS_NESSIE_SUMMON","",0,0,5,true,true,false,false,"EVENT",false,false,false,"","","settings/uidata/loot_brands/loot_brand_cosmic.rpak",""
// needs model port and server script: false,"mp_ability_boost_kit_heal_radius","gadget","","","","",0,3,"PING_ITEM_BOOST_KIT","","rui/pilot_loadout/kit/cosmic/icon_boostkit_date_night","mdl\weapons_r5\loot\w_loot_misc_boost_kit_cosmic.rmdl",1,"","Survival_Loot_Pickup_CopyCat_Tactical","Survival_Loot_Pickup_3p_CopyCat_Tactical","","#SURVIVAL_PICKUP_BOOST_KIT_NAME","#SURVIVAL_PICKUP_BOOST_KIT_HINT",1,1,"","PAS_HEAL_RADIUS","",0,0,5,true,true,false,false,"EVENT",false,false,false,"","","settings/uidata/loot_brands/loot_brand_cosmic.rpak",""
// needs model port and server script: false,"mp_ability_boost_kit_gold_armor","gadget","","","","",0,4,"PING_ITEM_BOOST_KIT","","rui/pilot_loadout/kit/cosmic/icon_boostkit_gold_armor","mdl\weapons_r5\loot\w_loot_misc_boost_kit_cosmic.rmdl",1,"","Survival_Loot_Pickup_CopyCat_Tactical","Survival_Loot_Pickup_3p_CopyCat_Tactical","","#SURVIVAL_PICKUP_BOOST_KIT_NAME","#SURVIVAL_PICKUP_BOOST_KIT_HINT",1,1,"","PAS_GOLD_ARMOR","",0,0,5,true,true,false,false,"EVENT",false,false,false,"","","settings/uidata/loot_brands/loot_brand_cosmic.rpak",""
// needs model port and server script: false,"mp_ability_boost_kit_map_hack","gadget","","","","",0,3,"PING_ITEM_BOOST_KIT","","rui/pilot_loadout/kit/cosmic/icon_boostkit_map_hack","mdl\weapons_r5\loot\w_loot_misc_boost_kit_cosmic.rmdl",1,"","Survival_Loot_Pickup_CopyCat_Tactical","Survival_Loot_Pickup_3p_CopyCat_Tactical","","#SURVIVAL_PICKUP_BOOST_KIT_NAME","#SURVIVAL_PICKUP_BOOST_KIT_HINT",1,1,"","PAS_MAP_HACK","",0,0,5,true,true,false,false,"EVENT",false,false,false,"","","settings/uidata/loot_brands/loot_brand_cosmic.rpak",""
// needs model port and server script: false,"mp_ability_pilot_mode","gadget","","","","",0,3,"PING_ITEM_BOOST_KIT","","rui/hud/gametype_icons/unhinged/veh_sm_hoverboard_icon","mdl\weapons_r5\loot\w_loot_misc_boost_kit_cosmic.rmdl",1,"","Survival_Loot_Pickup_CopyCat_Tactical","Survival_Loot_Pickup_3p_CopyCat_Tactical","","#SURVIVAL_PILOT_MODE_NAME","#SURVIVAL_PILOT_MODE_SHORT_DESC",1,1,"","PAS_HOVERBOARD","",0,0,5,true,true,false,false,"",false,false,false,"","","settings/uidata/loot_brands/loot_brand_cosmic.rpak",""
// loot type augment is not accepted by this build: false,"augment_infinite_ammo","augment","","","","",0,3,"PING_AMP_INFINITE_AMMO","","rui/pilot_loadout/mods/amp_icon_infinite_ammo","mdl/props/loot_wep_iso_amp/w_loot_wep_iso_amp_core_01.rmdl",3,"","survival_loot_pickup_amp_basic","survival_loot_pickup_3p_suits_lvl_03","weapon_sentryfragdrone_throw_1p","#SURVIVAL_PICKUP_AUGMENT_INFINITE_AMMO_NAME","#SURVIVAL_PICKUP_AUGMENT_INFINITE_AMMO_HINT_SHORT",1,1,"","PAS_AUGMENT_INFINITE_AMMO","",0,0,10,false,false,false,false,"CORE",false,false,false,"","","",""
// loot type augment is not accepted by this build: false,"augment_battery_printer","augment","","","","",0,3,"PING_AMP_BOTTOMLESS_BATTERIES","","rui/pilot_loadout/mods/amp_icon_bottomless_batteries","mdl/props/loot_wep_iso_amp/w_loot_wep_iso_amp_core_01.rmdl",3,"","survival_loot_pickup_amp_basic","survival_loot_pickup_3p_suits_lvl_03","weapon_sentryfragdrone_throw_1p","#SURVIVAL_PICKUP_AUGMENT_BATTERY_PRINTER_NAME","#SURVIVAL_PICKUP_AUGMENT_BATTERY_PRINTER_HINT_SHORT",1,1,"","PAS_AUGMENT_BATTERY_PRINTER","",0,0,10,false,false,false,false,"CORE",false,false,false,"","","",""
// loot type augment is not accepted by this build: false,"augment_heal_overflow","augment","","","","",0,3,"PING_AMP_OVERFLOW_HEALER","","rui/pilot_loadout/mods/amp_icon_overflow_healer","mdl/props/loot_wep_iso_amp/w_loot_wep_iso_amp_core_01.rmdl",3,"","survival_loot_pickup_amp_basic","survival_loot_pickup_3p_suits_lvl_03","weapon_sentryfragdrone_throw_1p","#SURVIVAL_PICKUP_AUGMENT_HEAL_OVERFLOW_NAME","#SURVIVAL_PICKUP_AUGMENT_HEAL_OVERFLOW_HINT_SHORT",1,1,"","PAS_AUGMENT_HEAL_OVERFLOW","",0,0,10,false,false,false,false,"CORE",false,false,false,"","","",""
// loot type augment is not accepted by this build: false,"augment_legend_expert","augment","","","","",0,3,"PING_AMP_POWER_BOOSTER","","rui/pilot_loadout/mods/amp_icon_power_booster","mdl/props/loot_wep_iso_amp/w_loot_wep_iso_amp_core_01.rmdl",3,"","survival_loot_pickup_amp_basic","survival_loot_pickup_3p_suits_lvl_03","weapon_sentryfragdrone_throw_1p","#SURVIVAL_PICKUP_AUGMENT_LEGEND_EXPERT_NAME","#SURVIVAL_PICKUP_AUGMENT_LEGEND_EXPERT_HINT_SHORT",1,1,"","PAS_AUGMENT_LEGEND_EXPERT","",0,0,10,false,false,false,false,"CORE",false,false,false,"","","",""
// loot type augment is not accepted by this build: false,"augment_armor_overflow","augment","","","","",0,3,"PING_AMP_OVER_ARMOR","","rui/pilot_loadout/mods/amp_icon_over_armor","mdl/props/loot_wep_iso_amp/w_loot_wep_iso_amp_core_01.rmdl",3,"","survival_loot_pickup_amp_basic","survival_loot_pickup_3p_suits_lvl_03","weapon_sentryfragdrone_throw_1p","#SURVIVAL_PICKUP_AUGMENT_ARMOR_OVERFLOW_NAME","#SURVIVAL_PICKUP_AUGMENT_ARMOR_OVERFLOW_HINT_SHORT",1,1,"","PAS_AUGMENT_ARMOR_OVERFLOW","",0,0,10,false,false,false,false,"CORE",false,false,false,"","","",""
false,"mp_weapon_vinson_mythicset","main_weapon","mp_weapon_vinson","hopup_mythicset_vinson optic_cq_hcog_bruiser highcal_mag_l3 stock_tactical_l3","sight mag grip hopup","assault mythicset event_weapon event_staging",0,4,"PING_WEAPON_FLATLINE","","","",0,"","survival_loot_pickup_weapon_vinson","survival_loot_pickup_3p_weapon_vinson","","","",1,1,"","","",0,0,20,false,false,false,false,"EVENT",true,false,false,"","settings/itemflav/weapon_skin/flatline/mythic_v24_rivnature_level02.rpak","settings/uidata/loot_brands/loot_brand_rampart_weapon.rpak","settings/itemflav/character/fuse.rpak"
true,"hopup_mythicset_vinson","attachment","","","","FakeHopup",0,4,"PING_ATTACHMENT_HOPUP_DOUBLE_TAP","","rui/pilot_loadout/mods/hopup_r301_mythic_cyan","mdl/weapons_r5/loot/_master/w_loot_wep_mods_chip.rmdl",0,"survival_loot_attach_stabilizer","survival_loot_pickup_attachments","survival_loot_pickup_3p_attachments","","","",1,1,"","","",0,0,0,false,false,false,false,"EVENT",false,false,false,"","","",""
// needs model port and server script: false,"mp_ability_beamstick_stave","gadget","","","","event_staging",0,4,"PING_BEAMSTICK_STAVE","","rui/hud/gametype_icons/unhinged/inv_beamstick_stave","mdl/props/single_joint_props/breachbeam_drone_02.rmdl",0,"","Survival_Loot_Pickup_CopyCat_Tactical","Survival_Loot_Pickup_3p_CopyCat_Tactical","","#SURVIVAL_PICKUP_BEAMSTICK_STAVE","#SURVIVAL_PICKUP_BEAMSTICK_STAVE_HINT",1,3,"","PAS_BEAMSTICK_STAVE","",0,0,5,false,false,false,false,"PROTO",false,false,false,"","","settings/uidata/loot_brands/loot_brand_wildcard_event_weapon.rpak",""
true,"hopup_car_crate","attachment","","","","FakeHopup",0,4,"","","rui/pilot_loadout/mods/hopup_car_crate","mdl/weapons_r5/loot/_master/w_loot_wep_mods_chip.rmdl",4,"survival_loot_attach_stabilizer","survival_loot_pickup_attachments","survival_loot_pickup_3p_attachments","","","",1,1,"","","",0,0,10,false,false,false,false,"CORE",false,false,false,"","","",""
false,"hopup_lstar_crate","attachment","","","","FakeHopup",0,4,"","","rui/pilot_loadout/mods/hopup_redline","mdl/weapons_r5/loot/_master/w_loot_wep_mods_chip.rmdl",4,"survival_loot_attach_stabilizer","survival_loot_pickup_attachments","survival_loot_pickup_3p_attachments","","","",1,1,"","","",0,0,10,false,false,false,false,"CORE",false,false,false,"","","",""
// pickupModel substituted; not in this build: mdl/weapons_r5/loot/_master/w_loot_wep_mods_mag_corrupted.rmdl
false,corrupted_mag,attachment,,,,corrupted_attachment,0,5,PING_ATTACHMENT_CORRUPTED_MAG,,rui/pilot_loadout/mods/energy_mag,mdl/weapons_r5/loot/_master/w_loot_wep_mods_mag_v3b.rmdl,0,survival_loot_attach_corrupted_extended_ammo,survival_loot_pickup_attachments,survival_loot_pickup_3p_attachments,,,,1,1,,,,0,0,5,false,false,false,false,CORE,false,false,false,,,settings/uidata/loot_brands/loot_brand_corrupted.rpak,
false,"corrupted_barrel","attachment","","","","corrupted_attachment",0,5,"PING_ATTACHMENT_CORRUPTED_BARREL","","rui/pilot_loadout/mods/barrel_stabilizer","mdl/weapons_r5/loot/_master/w_loot_wep_mods_suppr_v2b.rmdl",0,"survival_loot_attach_corrupted_stabilizer","survival_loot_pickup_attachments","survival_loot_pickup_3p_attachments","","","",1,1,"","","",0,0,5,true,false,false,false,"CORE",false,false,false,"","","settings/uidata/loot_brands/loot_brand_corrupted.rpak",""
false,"corrupted_laser","attachment","","","","corrupted_attachment",0,5,"PING_ATTACHMENT_CORRUPTED_LASER","","rui/pilot_loadout/mods/laser_sight","mdl/weapons_r5/loot/_master/w_loot_wep_mods_lasersight_v1.rmdl",0,"survival_loot_attach_corrupted_laser","survival_loot_pickup_attachments","survival_loot_pickup_3p_attachments","","","",1,1,"","","",0,0,5,false,false,false,false,"CORE",false,false,false,"","","settings/uidata/loot_brands/loot_brand_corrupted.rpak",""
false,"corrupted_tactical_stock","attachment","","","","corrupted_attachment",0,5,"PING_ATTACHMENT_CORRUPTED_TACTICAL_STOCK","","rui/pilot_loadout/mods/tactical_stock","mdl/weapons_r5/loot/w_loot_wep_iso_stock_folded_regular.rmdl",0,"survival_loot_attach_corrupted_stabilizer","survival_loot_pickup_attachments","survival_loot_pickup_3p_attachments","","","",1,1,"","","",0,0,5,true,false,false,false,"CORE",false,false,false,"","","settings/uidata/loot_brands/loot_brand_corrupted.rpak",""
false,"corrupted_stock_sniper","attachment","","","","corrupted_attachment",0,5,"PING_ATTACHMENT_CORRUPTED_SNIPER_STOCK","","rui/pilot_loadout/mods/sniper_stock","mdl/weapons_r5/loot/w_loot_wep_iso_stock_folded_sniper.rmdl",0,"survival_loot_attach_corrupted_stabilizer","survival_loot_pickup_attachments","survival_loot_pickup_3p_attachments","","","",1,1,"","","",0,0,5,true,false,false,false,"CORE",false,false,false,"","","settings/uidata/loot_brands/loot_brand_corrupted.rpak",""
false,"mp_weapon_instagib","main_weapon","","","barrel sight mag","pistol",0,1,"PING_WEAPON_WINGMAN","","rui/weapon_icons/r5/weapon_wingman","",0,"","survival_loot_pickup_weapon_wingman","survival_loot_pickup_3p_weapon_wingman","","","",1,1,"","","",0,0,20,false,false,false,false,"",true,true,true,"","","",""
false,"mp_weapon_instagib_gold","main_weapon","mp_weapon_instagib","optic_cq_hcog_classic sniper_mag_l3 laser_sight_l3 hopup_smart_reload","barrel sight mag hopup","pistol gold",0,4,"PING_WEAPON_WINGMAN","","rui/weapon_icons/r5/weapon_wingman","",0,"","survival_loot_pickup_weapon_wingman","survival_loot_pickup_3p_weapon_wingman","","","",1,1,"","","",0,0,20,false,false,false,false,"",true,true,true,"","","",""
// removed in S30, kept so nothing dangles: false,hopup_magic_pixel,attachment,,,,FakeHopup,0,4,,,rui/pilot_loadout/mods/TEMP_hopup,mdl/weapons_r5/loot/_master/w_loot_wep_mods_chip.rmdl,0,survival_loot_attach_stabilizer,survival_loot_pickup_attachments,survival_loot_pickup_3p_attachments,,,,1,1,,,0,0,10,false,false,false,false,EVENT,false,false,false,,,,,
// removed in S30, kept so nothing dangles: false,mp_weapon_buster_rifle,main_weapon,,wildcard_event_weapon,,sniper event_weapon event_staging,0,5,PING_WEAPON_BUSTER_RIFLE,rui/hud/gametype_icons/survival/sur_ammo_kraber,,,0,,survival_loot_pickup_weapon_sniper,survival_loot_pickup_3p_weapon_sniper,,#WPN_BUSTER_RIFLE,,1,1,,,0,0,0,false,false,false,false,EVENT,false,false,false,,settings/itemflav/weapon_skin/kraber/season02_event02_legendary_01.rpak,settings/uidata/loot_brands/loot_brand_wildcard_event_weapon.rpak,,
// removed in S30, kept so nothing dangles: true,mp_weapon_grenade_rev_shell,ordnance,,,,,0,1,PING_ITEM_REV_SHELL,,rui/ordnance_icons/grenade_rev_shell,mdl/props/skull_grenade/skull_grenade_base_w.rmdl,0,,weapon_revshellseeker_pickup_1p,weapon_revshellseeker_pickup_3p,,,#SURVIVAL_PICKUP_REV_SHELL_HINT,1,1,,,0,0,5,true,true,false,false,EVENT,false,false,false,INVENTORY_NEED_REVSHELL,,,,
"bool","string","string","string","string","string","string","int","int","string","asset_noprecache","asset_noprecache","asset","int","string","string","string","string","string","string","int","int","string","string","string","int","int","int","bool","bool","bool","bool","string","bool","bool","bool","string","asset","asset_noprecache","asset_noprecache"
